dataset,model,test_score,classes,transf_metric,transf_score
sun397,densenet121,0.4972795969773301,397,imagenet,74.434
sun397,densenet161,0.5144584382871537,397,imagenet,77.138
sun397,densenet169,0.5147103274559194,397,imagenet,75.6
sun397,efficientnet_b0,0.5225188916876574,397,imagenet,77.692
sun397,mobilenetv2_050,0.4110327455919396,397,imagenet,65.95
sun397,mobilenetv2_100,0.5004030226700252,397,imagenet,72.976
sun397,resnet18,0.4750125944584382,397,imagenet,69.758
sun397,resnet34,0.4847355163727961,397,imagenet,73.314
sun397,resnet50,0.5622166246851386,397,imagenet,76.13
sun397,vit_small_patch16_224,0.666095717884131,397,imagenet,78.846
sun397,densenet121,0.4972795969773301,397,hscore_score,82.76918761103136
sun397,densenet161,0.5144584382871537,397,hscore_score,88.36998735430004
sun397,densenet169,0.5147103274559194,397,hscore_score,102.88572662339564
sun397,efficientnet_b0,0.5225188916876574,397,hscore_score,99.54713683812986
sun397,mobilenetv2_050,0.4110327455919396,397,hscore_score,77.18552912163929
sun397,mobilenetv2_100,0.5004030226700252,397,hscore_score,88.55830433314188
sun397,resnet18,0.4750125944584382,397,hscore_score,49.692265375863606
sun397,resnet34,0.4847355163727961,397,hscore_score,60.03014670816068
sun397,resnet50,0.5622166246851386,397,hscore_score,137.6324762167876
sun397,vit_small_patch16_224,0.666095717884131,397,hscore_score,79.08068756759167
sun397,densenet121,0.4972795969773301,397,nce_score,-2.767187046861433
sun397,densenet161,0.5144584382871537,397,nce_score,-2.7560679109906783
sun397,densenet169,0.5147103274559194,397,nce_score,-2.7617658736271866
sun397,efficientnet_b0,0.5225188916876574,397,nce_score,-2.7272056761034396
sun397,mobilenetv2_050,0.4110327455919396,397,nce_score,-2.933504262193707
sun397,mobilenetv2_100,0.5004030226700252,397,nce_score,-2.8267948162421836
sun397,resnet18,0.4750125944584382,397,nce_score,-2.8580508589428666
sun397,resnet34,0.4847355163727961,397,nce_score,-2.776722685180723
sun397,resnet50,0.5622166246851386,397,nce_score,-2.7246779055110215
sun397,vit_small_patch16_224,0.666095717884131,397,nce_score,-2.488168209740561
sun397,densenet121,0.4972795969773301,397,leep_score,-3.4780741273044433
sun397,densenet161,0.5144584382871537,397,leep_score,-3.0295217169829463
sun397,densenet169,0.5147103274559194,397,leep_score,-3.0709193562465456
sun397,efficientnet_b0,0.5225188916876574,397,leep_score,-3.308699727952831
sun397,mobilenetv2_050,0.4110327455919396,397,leep_score,-3.896239728935533
sun397,mobilenetv2_100,0.5004030226700252,397,leep_score,-3.557805078463383
sun397,resnet18,0.4750125944584382,397,leep_score,-3.347713121296689
sun397,resnet34,0.4847355163727961,397,leep_score,-3.4446092070939014
sun397,resnet50,0.5622166246851386,397,leep_score,-2.9759154010026703
sun397,vit_small_patch16_224,0.666095717884131,397,leep_score,-2.799840449023536
sun397,densenet121,0.4972795969773301,397,nleep_score,-1.3676384734917777
sun397,densenet161,0.5144584382871537,397,nleep_score,-1.3901041469479924
sun397,densenet169,0.5147103274559194,397,nleep_score,-1.411804878289989
sun397,efficientnet_b0,0.5225188916876574,397,nleep_score,-1.3257817496549478
sun397,mobilenetv2_050,0.4110327455919396,397,nleep_score,-1.65101679621431
sun397,mobilenetv2_100,0.5004030226700252,397,nleep_score,-1.4309969858876328
sun397,resnet18,0.4750125944584382,397,nleep_score,-1.5328267605863848
sun397,resnet34,0.4847355163727961,397,nleep_score,-1.3923567609036045
sun397,resnet50,0.5622166246851386,397,nleep_score,-1.2759609115713069
sun397,vit_small_patch16_224,0.666095717884131,397,nleep_score,-0.8278176844564604
sun397,densenet121,0.4972795969773301,397,parc_score,7.1139792290513215
sun397,densenet161,0.5144584382871537,397,parc_score,7.046500727448539
sun397,densenet169,0.5147103274559194,397,parc_score,7.064845237048203
sun397,efficientnet_b0,0.5225188916876574,397,parc_score,7.236230009030102
sun397,mobilenetv2_050,0.4110327455919396,397,parc_score,6.264070894224232
sun397,mobilenetv2_100,0.5004030226700252,397,parc_score,6.933843094494915
sun397,resnet18,0.4750125944584382,397,parc_score,6.7012655288665
sun397,resnet34,0.4847355163727961,397,parc_score,7.1194469786983845
sun397,resnet50,0.5622166246851386,397,parc_score,7.331863141227576
sun397,vit_small_patch16_224,0.666095717884131,397,parc_score,7.887267970607377
sun397,densenet121,0.4972795969773301,397,reg_hscore_score,79.21137259876511
sun397,densenet161,0.5144584382871537,397,reg_hscore_score,72.85189551976782
sun397,densenet169,0.5147103274559194,397,reg_hscore_score,69.3100554819435
sun397,efficientnet_b0,0.5225188916876574,397,reg_hscore_score,97.83717625449684
sun397,mobilenetv2_050,0.4110327455919396,397,reg_hscore_score,75.87763620882268
sun397,mobilenetv2_100,0.5004030226700252,397,reg_hscore_score,87.02743407617663
sun397,resnet18,0.4750125944584382,397,reg_hscore_score,48.99974406320197
sun397,resnet34,0.4847355163727961,397,reg_hscore_score,59.45482311134398
sun397,resnet50,0.5622166246851386,397,reg_hscore_score,134.74067556357198
sun397,vit_small_patch16_224,0.666095717884131,397,reg_hscore_score,78.0473848326757
sun397,densenet121,0.4972795969773301,397,sfda_score,0.5846126427605374
sun397,densenet161,0.5144584382871537,397,sfda_score,0.6099777604318173
sun397,densenet169,0.5147103274559194,397,sfda_score,0.6986835611067875
sun397,efficientnet_b0,0.5225188916876574,397,sfda_score,0.6399473279792519
sun397,mobilenetv2_050,0.4110327455919396,397,sfda_score,0.42019018659673846
sun397,mobilenetv2_100,0.5004030226700252,397,sfda_score,0.6323858653885367
sun397,resnet18,0.4750125944584382,397,sfda_score,0.5002236612434153
sun397,resnet34,0.4847355163727961,397,sfda_score,0.493595421439015
sun397,resnet50,0.5622166246851386,397,sfda_score,0.6529104773151971
sun397,vit_small_patch16_224,0.666095717884131,397,sfda_score,0.6039217429589011
sun397,densenet121,0.4972795969773301,397,logme_score,1.629797029109517
sun397,densenet161,0.5144584382871537,397,logme_score,1.6245251464635402
sun397,densenet169,0.5147103274559194,397,logme_score,1.6221768481703251
sun397,efficientnet_b0,0.5225188916876574,397,logme_score,1.639965167462181
sun397,mobilenetv2_050,0.4110327455919396,397,logme_score,1.613472422700939
sun397,mobilenetv2_100,0.5004030226700252,397,logme_score,1.6271891274232448
sun397,resnet18,0.4750125944584382,397,logme_score,1.6080308804344048
sun397,resnet34,0.4847355163727961,397,logme_score,1.6213249731067338
sun397,resnet50,0.5622166246851386,397,logme_score,1.6786793060090917
sun397,vit_small_patch16_224,0.666095717884131,397,logme_score,1.652147839489413
sun397,densenet121,0.4972795969773301,397,gbc_score,-169.44503851403925
sun397,densenet161,0.5144584382871537,397,gbc_score,-181.2526975905178
sun397,densenet169,0.5147103274559194,397,gbc_score,-192.40712680687352
sun397,efficientnet_b0,0.5225188916876574,397,gbc_score,-177.28026594271333
sun397,mobilenetv2_050,0.4110327455919396,397,gbc_score,-491.7044403481575
sun397,mobilenetv2_100,0.5004030226700252,397,gbc_score,-227.02228535693507
sun397,resnet18,0.4750125944584382,397,gbc_score,-315.0201599845328
sun397,resnet34,0.4847355163727961,397,gbc_score,-200.47152039614053
sun397,resnet50,0.5622166246851386,397,gbc_score,-139.16410337002955
sun397,vit_small_patch16_224,0.666095717884131,397,gbc_score,-48.11310117796069
sun397,densenet121,0.4972795969773301,397,pactran_score,-1.2825689864367156
sun397,densenet161,0.5144584382871537,397,pactran_score,-1.1605325174750312
sun397,densenet169,0.5147103274559194,397,pactran_score,-1.2031875806701564
sun397,efficientnet_b0,0.5225188916876574,397,pactran_score,-1.2601056141207068
sun397,mobilenetv2_050,0.4110327455919396,397,pactran_score,-4.289958400955247
sun397,mobilenetv2_100,0.5004030226700252,397,pactran_score,-1.297334583178985
sun397,resnet18,0.4750125944584382,397,pactran_score,-1.4759288409648663
sun397,resnet34,0.4847355163727961,397,pactran_score,-1.4182747032065013
sun397,resnet50,0.5622166246851386,397,pactran_score,-1.560632315954929
sun397,vit_small_patch16_224,0.666095717884131,397,pactran_score,-1.3269816915953236
sun397,densenet121,0.4972795969773301,397,etran_energy_score,1.6422698204159363
sun397,densenet161,0.5144584382871537,397,etran_energy_score,1.7143536493205072
sun397,densenet169,0.5147103274559194,397,etran_energy_score,1.5668404806130152
sun397,efficientnet_b0,0.5225188916876574,397,etran_energy_score,0.9560783536452219
sun397,mobilenetv2_050,0.4110327455919396,397,etran_energy_score,0.12185159625375186
sun397,mobilenetv2_100,0.5004030226700252,397,etran_energy_score,1.0803706477983899
sun397,resnet18,0.4750125944584382,397,etran_energy_score,0.7675960271769185
sun397,resnet34,0.4847355163727961,397,etran_energy_score,1.297791506754277
sun397,resnet50,0.5622166246851386,397,etran_energy_score,1.0728056184090513
sun397,vit_small_patch16_224,0.666095717884131,397,etran_energy_score,2.0
sun397,densenet121,0.4972795969773301,397,ncti_score,-0.13371188172222281
sun397,densenet161,0.5144584382871537,397,ncti_score,0.12390133833266004
sun397,densenet169,0.5147103274559194,397,ncti_score,0.03636359753855556
sun397,efficientnet_b0,0.5225188916876574,397,ncti_score,0.14761023191420175
sun397,mobilenetv2_050,0.4110327455919396,397,ncti_score,-1.0
sun397,mobilenetv2_100,0.5004030226700252,397,ncti_score,-0.16225512614951998
sun397,resnet18,0.4750125944584382,397,ncti_score,-0.30650549064428767
sun397,resnet34,0.4847355163727961,397,ncti_score,-0.21108165618170394
sun397,resnet50,0.5622166246851386,397,ncti_score,0.35569622581750104
sun397,vit_small_patch16_224,0.666095717884131,397,ncti_score,2.0
sun397,densenet121,0.4972795969773301,397,tmi_score,6.467618368153939
sun397,densenet161,0.5144584382871537,397,tmi_score,12.04729950533966
sun397,densenet169,0.5147103274559194,397,tmi_score,9.322828408797424
sun397,efficientnet_b0,0.5225188916876574,397,tmi_score,4.794802640204169
sun397,mobilenetv2_050,0.4110327455919396,397,tmi_score,2.241774441593501
sun397,mobilenetv2_100,0.5004030226700252,397,tmi_score,4.925094575388377
sun397,resnet18,0.4750125944584382,397,tmi_score,2.4301842840851404
sun397,resnet34,0.4847355163727961,397,tmi_score,3.0589822352156584
sun397,resnet50,0.5622166246851386,397,tmi_score,4.795227806830886
sun397,vit_small_patch16_224,0.666095717884131,397,tmi_score,2.495775528292784
aircraft,densenet121,0.4713725490196079,100,imagenet,74.434
aircraft,densenet161,0.5639750445632798,100,imagenet,77.138
aircraft,densenet169,0.5251693404634581,100,imagenet,75.6
aircraft,efficientnet_b0,0.5297682709447415,100,imagenet,77.692
aircraft,mobilenetv2_050,0.2754367201426025,100,imagenet,65.95
aircraft,mobilenetv2_100,0.4710516934046345,100,imagenet,72.976
aircraft,resnet18,0.436969696969697,100,imagenet,69.758
aircraft,resnet34,0.4572281639928699,100,imagenet,73.314
aircraft,resnet50,0.4186452762923352,100,imagenet,76.13
aircraft,vit_small_patch16_224,0.565427807486631,100,imagenet,78.846
aircraft,densenet121,0.4713725490196079,100,hscore_score,42.88300411105917
aircraft,densenet161,0.5639750445632798,100,hscore_score,46.93128500186533
aircraft,densenet169,0.5251693404634581,100,hscore_score,60.40375171263037
aircraft,efficientnet_b0,0.5297682709447415,100,hscore_score,50.03066763600734
aircraft,mobilenetv2_050,0.2754367201426025,100,hscore_score,48.86168551789956
aircraft,mobilenetv2_100,0.4710516934046345,100,hscore_score,48.45122885502322
aircraft,resnet18,0.436969696969697,100,hscore_score,25.557074855904496
aircraft,resnet34,0.4572281639928699,100,hscore_score,24.950597669207873
aircraft,resnet50,0.4186452762923352,100,hscore_score,67.68648811938473
aircraft,vit_small_patch16_224,0.565427807486631,100,hscore_score,24.633010767400265
aircraft,densenet121,0.4713725490196079,100,nce_score,-4.1840513377197075
aircraft,densenet161,0.5639750445632798,100,nce_score,-4.185556448855635
aircraft,densenet169,0.5251693404634581,100,nce_score,-4.2296749402941645
aircraft,efficientnet_b0,0.5297682709447415,100,nce_score,-4.182408355324941
aircraft,mobilenetv2_050,0.2754367201426025,100,nce_score,-4.178626425606024
aircraft,mobilenetv2_100,0.4710516934046345,100,nce_score,-4.182781020698216
aircraft,resnet18,0.436969696969697,100,nce_score,-4.194428362775112
aircraft,resnet34,0.4572281639928699,100,nce_score,-4.187950701231472
aircraft,resnet50,0.4186452762923352,100,nce_score,-4.166118682877769
aircraft,vit_small_patch16_224,0.565427807486631,100,nce_score,-4.155551768028127
aircraft,densenet121,0.4713725490196079,100,leep_score,-4.262926136701915
aircraft,densenet161,0.5639750445632798,100,leep_score,-4.189466805128548
aircraft,densenet169,0.5251693404634581,100,leep_score,-4.214694329566339
aircraft,efficientnet_b0,0.5297682709447415,100,leep_score,-4.239908017083232
aircraft,mobilenetv2_050,0.2754367201426025,100,leep_score,-4.220131633281024
aircraft,mobilenetv2_100,0.4710516934046345,100,leep_score,-4.233893487362727
aircraft,resnet18,0.436969696969697,100,leep_score,-4.209540279113985
aircraft,resnet34,0.4572281639928699,100,leep_score,-4.272391793171729
aircraft,resnet50,0.4186452762923352,100,leep_score,-4.143959881644895
aircraft,vit_small_patch16_224,0.565427807486631,100,leep_score,-4.186138444202687
aircraft,densenet121,0.4713725490196079,100,nleep_score,-1.756511815924099
aircraft,densenet161,0.5639750445632798,100,nleep_score,-1.8175385998382152
aircraft,densenet169,0.5251693404634581,100,nleep_score,-1.8496590423764203
aircraft,efficientnet_b0,0.5297682709447415,100,nleep_score,-1.850980026527726
aircraft,mobilenetv2_050,0.2754367201426025,100,nleep_score,-1.732204735838543
aircraft,mobilenetv2_100,0.4710516934046345,100,nleep_score,-1.785165340791009
aircraft,resnet18,0.436969696969697,100,nleep_score,-1.7711588486521046
aircraft,resnet34,0.4572281639928699,100,nleep_score,-2.04253245763878
aircraft,resnet50,0.4186452762923352,100,nleep_score,-1.8937271208489332
aircraft,vit_small_patch16_224,0.565427807486631,100,nleep_score,-1.6949734289435396
aircraft,densenet121,0.4713725490196079,100,parc_score,6.738515468256713
aircraft,densenet161,0.5639750445632798,100,parc_score,6.827687378557766
aircraft,densenet169,0.5251693404634581,100,parc_score,6.141276781165996
aircraft,efficientnet_b0,0.5297682709447415,100,parc_score,6.721014694287494
aircraft,mobilenetv2_050,0.2754367201426025,100,parc_score,6.088733073549667
aircraft,mobilenetv2_100,0.4710516934046345,100,parc_score,6.349701179945741
aircraft,resnet18,0.436969696969697,100,parc_score,5.764936101218862
aircraft,resnet34,0.4572281639928699,100,parc_score,6.479027544467919
aircraft,resnet50,0.4186452762923352,100,parc_score,6.00420797426664
aircraft,vit_small_patch16_224,0.565427807486631,100,parc_score,6.974004609460335
aircraft,densenet121,0.4713725490196079,100,reg_hscore_score,36.19123629379318
aircraft,densenet161,0.5639750445632798,100,reg_hscore_score,36.22690798342677
aircraft,densenet169,0.5251693404634581,100,reg_hscore_score,33.479246143943676
aircraft,efficientnet_b0,0.5297682709447415,100,reg_hscore_score,42.65145474171285
aircraft,mobilenetv2_050,0.2754367201426025,100,reg_hscore_score,43.244028200646405
aircraft,mobilenetv2_100,0.4710516934046345,100,reg_hscore_score,40.815339000082915
aircraft,resnet18,0.436969696969697,100,reg_hscore_score,23.64694240878805
aircraft,resnet34,0.4572281639928699,100,reg_hscore_score,22.984406609616325
aircraft,resnet50,0.4186452762923352,100,reg_hscore_score,50.637247664549605
aircraft,vit_small_patch16_224,0.565427807486631,100,reg_hscore_score,23.68362964504542
aircraft,densenet121,0.4713725490196079,100,sfda_score,0.8773045186615998
aircraft,densenet161,0.5639750445632798,100,sfda_score,0.9230931955736892
aircraft,densenet169,0.5251693404634581,100,sfda_score,0.9916198687159716
aircraft,efficientnet_b0,0.5297682709447415,100,sfda_score,0.907106506516448
aircraft,mobilenetv2_050,0.2754367201426025,100,sfda_score,0.6128841017079617
aircraft,mobilenetv2_100,0.4710516934046345,100,sfda_score,0.8677785926607245
aircraft,resnet18,0.436969696969697,100,sfda_score,0.7046522657065369
aircraft,resnet34,0.4572281639928699,100,sfda_score,0.5562928849586921
aircraft,resnet50,0.4186452762923352,100,sfda_score,0.8170748005027012
aircraft,vit_small_patch16_224,0.565427807486631,100,sfda_score,0.6629001657202134
aircraft,densenet121,0.4713725490196079,100,logme_score,0.9378192575804684
aircraft,densenet161,0.5639750445632798,100,logme_score,0.9376192271020422
aircraft,densenet169,0.5251693404634581,100,logme_score,0.933247401401448
aircraft,efficientnet_b0,0.5297682709447415,100,logme_score,0.9536478943633548
aircraft,mobilenetv2_050,0.2754367201426025,100,logme_score,0.931209357113116
aircraft,mobilenetv2_100,0.4710516934046345,100,logme_score,0.938312365791454
aircraft,resnet18,0.436969696969697,100,logme_score,0.919105875578036
aircraft,resnet34,0.4572281639928699,100,logme_score,0.9283053222350036
aircraft,resnet50,0.4186452762923352,100,logme_score,0.9437643589848652
aircraft,vit_small_patch16_224,0.565427807486631,100,logme_score,0.935609283989562
aircraft,densenet121,0.4713725490196079,100,gbc_score,-788.4659117068201
aircraft,densenet161,0.5639750445632798,100,gbc_score,-693.1015027770871
aircraft,densenet169,0.5251693404634581,100,gbc_score,-856.1107183847005
aircraft,efficientnet_b0,0.5297682709447415,100,gbc_score,-698.3429831605583
aircraft,mobilenetv2_050,0.2754367201426025,100,gbc_score,-949.3973037133904
aircraft,mobilenetv2_100,0.4710516934046345,100,gbc_score,-862.2118261341701
aircraft,resnet18,0.436969696969697,100,gbc_score,-956.431108400614
aircraft,resnet34,0.4572281639928699,100,gbc_score,-861.1671695556589
aircraft,resnet50,0.4186452762923352,100,gbc_score,-933.4997114096776
aircraft,vit_small_patch16_224,0.565427807486631,100,gbc_score,-671.2251321421832
aircraft,densenet121,0.4713725490196079,100,pactran_score,-1.4636945371003536
aircraft,densenet161,0.5639750445632798,100,pactran_score,-1.2600395806299294
aircraft,densenet169,0.5251693404634581,100,pactran_score,-1.3313009416984505
aircraft,efficientnet_b0,0.5297682709447415,100,pactran_score,-1.7672733216818424
aircraft,mobilenetv2_050,0.2754367201426025,100,pactran_score,-4.405986882205634
aircraft,mobilenetv2_100,0.4710516934046345,100,pactran_score,-1.6160186517044766
aircraft,resnet18,0.436969696969697,100,pactran_score,-1.6501934689388038
aircraft,resnet34,0.4572281639928699,100,pactran_score,-1.9853294855624832
aircraft,resnet50,0.4186452762923352,100,pactran_score,-2.753245611621189
aircraft,vit_small_patch16_224,0.565427807486631,100,pactran_score,-1.4951587785692546
aircraft,densenet121,0.4713725490196079,100,etran_energy_score,1.3937501189788923
aircraft,densenet161,0.5639750445632798,100,etran_energy_score,1.691654984526675
aircraft,densenet169,0.5251693404634581,100,etran_energy_score,1.5015841473010296
aircraft,efficientnet_b0,0.5297682709447415,100,etran_energy_score,0.604758418469072
aircraft,mobilenetv2_050,0.2754367201426025,100,etran_energy_score,0.023548927069439143
aircraft,mobilenetv2_100,0.4710516934046345,100,etran_energy_score,0.8302515881616568
aircraft,resnet18,0.436969696969697,100,etran_energy_score,0.9868653013340367
aircraft,resnet34,0.4572281639928699,100,etran_energy_score,0.8029902874660758
aircraft,resnet50,0.4186452762923352,100,etran_energy_score,0.5493450896631276
aircraft,vit_small_patch16_224,0.565427807486631,100,etran_energy_score,1.951627507952049
aircraft,densenet121,0.4713725490196079,100,ncti_score,1.3123209283766615
aircraft,densenet161,0.5639750445632798,100,ncti_score,1.6969022653086319
aircraft,densenet169,0.5251693404634581,100,ncti_score,1.2955722804271952
aircraft,efficientnet_b0,0.5297682709447415,100,ncti_score,1.1365530118796496
aircraft,mobilenetv2_050,0.2754367201426025,100,ncti_score,-1.0
aircraft,mobilenetv2_100,0.4710516934046345,100,ncti_score,1.0959277941773808
aircraft,resnet18,0.436969696969697,100,ncti_score,0.8531588697679457
aircraft,resnet34,0.4572281639928699,100,ncti_score,0.8336607414907551
aircraft,resnet50,0.4186452762923352,100,ncti_score,0.49146212724864413
aircraft,vit_small_patch16_224,0.565427807486631,100,ncti_score,1.7757823054396187
aircraft,densenet121,0.4713725490196079,100,tmi_score,22.215369386924007
aircraft,densenet161,0.5639750445632798,100,tmi_score,40.07669852286785
aircraft,densenet169,0.5251693404634581,100,tmi_score,31.402172809705963
aircraft,efficientnet_b0,0.5297682709447415,100,tmi_score,11.219330367172685
aircraft,mobilenetv2_050,0.2754367201426025,100,tmi_score,8.897973933016777
aircraft,mobilenetv2_100,0.4710516934046345,100,tmi_score,15.625454022719094
aircraft,resnet18,0.436969696969697,100,tmi_score,8.773208930698406
aircraft,resnet34,0.4572281639928699,100,tmi_score,8.564541613334226
aircraft,resnet50,0.4186452762923352,100,tmi_score,14.773147829257766
aircraft,vit_small_patch16_224,0.565427807486631,100,tmi_score,8.484545520435653
caltech101,densenet121,0.8815445752305655,102,imagenet,74.434
caltech101,densenet161,0.8829722380342162,102,imagenet,77.138
caltech101,densenet169,0.8758115275142656,102,imagenet,75.6
caltech101,efficientnet_b0,0.8765689914873004,102,imagenet,77.692
caltech101,mobilenetv2_050,0.7402435857011531,102,imagenet,65.95
caltech101,mobilenetv2_100,0.832364617775022,102,imagenet,72.976
caltech101,resnet18,0.8249618148343529,102,imagenet,69.758
caltech101,resnet34,0.8647097209885856,102,imagenet,73.314
caltech101,resnet50,0.8786984754059276,102,imagenet,76.13
caltech101,vit_small_patch16_224,0.9325890758913568,102,imagenet,78.846
caltech101,densenet121,0.8815445752305655,102,hscore_score,81.04699109060621
caltech101,densenet161,0.8829722380342162,102,hscore_score,82.80395685025564
caltech101,densenet169,0.8758115275142656,102,hscore_score,90.3222801550715
caltech101,efficientnet_b0,0.8765689914873004,102,hscore_score,86.15659997012825
caltech101,mobilenetv2_050,0.7402435857011531,102,hscore_score,79.49648989251304
caltech101,mobilenetv2_100,0.832364617775022,102,hscore_score,82.40474488530066
caltech101,resnet18,0.8249618148343529,102,hscore_score,58.644486322709014
caltech101,resnet34,0.8647097209885856,102,hscore_score,67.85829575433925
caltech101,resnet50,0.8786984754059276,102,hscore_score,97.64267358147607
caltech101,vit_small_patch16_224,0.9325890758913568,102,hscore_score,71.97916054725647
caltech101,densenet121,0.8815445752305655,102,nce_score,-0.5423183402221692
caltech101,densenet161,0.8829722380342162,102,nce_score,-0.5530845314374874
caltech101,densenet169,0.8758115275142656,102,nce_score,-0.5403904453215441
caltech101,efficientnet_b0,0.8765689914873004,102,nce_score,-0.553369667201886
caltech101,mobilenetv2_050,0.7402435857011531,102,nce_score,-0.7136143786933616
caltech101,mobilenetv2_100,0.832364617775022,102,nce_score,-0.610635530943102
caltech101,resnet18,0.8249618148343529,102,nce_score,-0.6656062379257996
caltech101,resnet34,0.8647097209885856,102,nce_score,-0.5654127500164234
caltech101,resnet50,0.8786984754059276,102,nce_score,-0.531224370241491
caltech101,vit_small_patch16_224,0.9325890758913568,102,nce_score,-0.4323688975088932
caltech101,densenet121,0.8815445752305655,102,leep_score,-1.2734407078831274
caltech101,densenet161,0.8829722380342162,102,leep_score,-0.8137425943408999
caltech101,densenet169,0.8758115275142656,102,leep_score,-0.8447007197850971
caltech101,efficientnet_b0,0.8765689914873004,102,leep_score,-1.201422988953193
caltech101,mobilenetv2_050,0.7402435857011531,102,leep_score,-1.7579085261187464
caltech101,mobilenetv2_100,0.832364617775022,102,leep_score,-1.4148321209290842
caltech101,resnet18,0.8249618148343529,102,leep_score,-1.164609796711109
caltech101,resnet34,0.8647097209885856,102,leep_score,-1.310374285093818
caltech101,resnet50,0.8786984754059276,102,leep_score,-0.846548903222642
caltech101,vit_small_patch16_224,0.9325890758913568,102,leep_score,-0.7482311723047345
caltech101,densenet121,0.8815445752305655,102,nleep_score,-0.27638362985117004
caltech101,densenet161,0.8829722380342162,102,nleep_score,-0.2854575439746914
caltech101,densenet169,0.8758115275142656,102,nleep_score,-0.2838606044860195
caltech101,efficientnet_b0,0.8765689914873004,102,nleep_score,-0.24916487896407435
caltech101,mobilenetv2_050,0.7402435857011531,102,nleep_score,-0.526092191092902
caltech101,mobilenetv2_100,0.832364617775022,102,nleep_score,-0.34595813655893765
caltech101,resnet18,0.8249618148343529,102,nleep_score,-0.4459834207505544
caltech101,resnet34,0.8647097209885856,102,nleep_score,-0.268833834855975
caltech101,resnet50,0.8786984754059276,102,nleep_score,-0.2394022393952174
caltech101,vit_small_patch16_224,0.9325890758913568,102,nleep_score,-0.1158129480050316
caltech101,densenet121,0.8815445752305655,102,parc_score,15.776402518046917
caltech101,densenet161,0.8829722380342162,102,parc_score,15.751252195586046
caltech101,densenet169,0.8758115275142656,102,parc_score,15.622167515607874
caltech101,efficientnet_b0,0.8765689914873004,102,parc_score,15.611082530805662
caltech101,mobilenetv2_050,0.7402435857011531,102,parc_score,14.406516474469806
caltech101,mobilenetv2_100,0.832364617775022,102,parc_score,15.278331189598148
caltech101,resnet18,0.8249618148343529,102,parc_score,15.049104945817897
caltech101,resnet34,0.8647097209885856,102,parc_score,15.55194705292906
caltech101,resnet50,0.8786984754059276,102,parc_score,15.822421414764154
caltech101,vit_small_patch16_224,0.9325890758913568,102,parc_score,16.290385872360588
caltech101,densenet121,0.8815445752305655,102,reg_hscore_score,74.00265716805532
caltech101,densenet161,0.8829722380342162,102,reg_hscore_score,71.9949003772627
caltech101,densenet169,0.8758115275142656,102,reg_hscore_score,69.07510743067908
caltech101,efficientnet_b0,0.8765689914873004,102,reg_hscore_score,78.55767518639668
caltech101,mobilenetv2_050,0.7402435857011531,102,reg_hscore_score,70.79368432622321
caltech101,mobilenetv2_100,0.832364617775022,102,reg_hscore_score,73.44380758886226
caltech101,resnet18,0.8249618148343529,102,reg_hscore_score,53.62605141539284
caltech101,resnet34,0.8647097209885856,102,reg_hscore_score,64.30320478770298
caltech101,resnet50,0.8786984754059276,102,reg_hscore_score,90.01504085658681
caltech101,vit_small_patch16_224,0.9325890758913568,102,reg_hscore_score,68.76830326042761
caltech101,densenet121,0.8815445752305655,102,sfda_score,0.9892672125733428
caltech101,densenet161,0.8829722380342162,102,sfda_score,0.9872277697708676
caltech101,densenet169,0.8758115275142656,102,sfda_score,0.9991830071302282
caltech101,efficientnet_b0,0.8765689914873004,102,sfda_score,0.995176759263634
caltech101,mobilenetv2_050,0.7402435857011531,102,sfda_score,0.8042991025696772
caltech101,mobilenetv2_100,0.832364617775022,102,sfda_score,0.9961466407825074
caltech101,resnet18,0.8249618148343529,102,sfda_score,0.8944527427654814
caltech101,resnet34,0.8647097209885856,102,sfda_score,0.92518256124237
caltech101,resnet50,0.8786984754059276,102,sfda_score,0.999591503269174
caltech101,vit_small_patch16_224,0.9325890758913568,102,sfda_score,0.9412410066577392
caltech101,densenet121,0.8815445752305655,102,logme_score,1.2619775142877292
caltech101,densenet161,0.8829722380342162,102,logme_score,1.2059162857484542
caltech101,densenet169,0.8758115275142656,102,logme_score,1.1876147290944663
caltech101,efficientnet_b0,0.8765689914873004,102,logme_score,1.261627501556481
caltech101,mobilenetv2_050,0.7402435857011531,102,logme_score,1.130098414284449
caltech101,mobilenetv2_100,0.832364617775022,102,logme_score,1.1919319081903683
caltech101,resnet18,0.8249618148343529,102,logme_score,1.1073629337084885
caltech101,resnet34,0.8647097209885856,102,logme_score,1.2091576382509834
caltech101,resnet50,0.8786984754059276,102,logme_score,1.411778872538112
caltech101,vit_small_patch16_224,0.9325890758913568,102,logme_score,1.313784675961212
caltech101,densenet121,0.8815445752305655,102,gbc_score,-2.0131072127520313
caltech101,densenet161,0.8829722380342162,102,gbc_score,-1.8035432040139052
caltech101,densenet169,0.8758115275142656,102,gbc_score,-1.762879673244296
caltech101,efficientnet_b0,0.8765689914873004,102,gbc_score,-1.9932827594048743
caltech101,mobilenetv2_050,0.7402435857011531,102,gbc_score,-5.576568329348449
caltech101,mobilenetv2_100,0.832364617775022,102,gbc_score,-2.324664226908525
caltech101,resnet18,0.8249618148343529,102,gbc_score,-3.765140439098943
caltech101,resnet34,0.8647097209885856,102,gbc_score,-3.358160214444428
caltech101,resnet50,0.8786984754059276,102,gbc_score,-3.246237546785965
caltech101,vit_small_patch16_224,0.9325890758913568,102,gbc_score,-1.1309903671613606
caltech101,densenet121,0.8815445752305655,102,pactran_score,-1.255796542753676
caltech101,densenet161,0.8829722380342162,102,pactran_score,-1.0786124707163107
caltech101,densenet169,0.8758115275142656,102,pactran_score,-1.1446305739933544
caltech101,efficientnet_b0,0.8765689914873004,102,pactran_score,-1.1933900386759375
caltech101,mobilenetv2_050,0.7402435857011531,102,pactran_score,-3.135947915195877
caltech101,mobilenetv2_100,0.832364617775022,102,pactran_score,-1.222506733725952
caltech101,resnet18,0.8249618148343529,102,pactran_score,-1.4483967051200026
caltech101,resnet34,0.8647097209885856,102,pactran_score,-1.4234002065282023
caltech101,resnet50,0.8786984754059276,102,pactran_score,-1.2100020488067638
caltech101,vit_small_patch16_224,0.9325890758913568,102,pactran_score,-1.4205930702111311
caltech101,densenet121,0.8815445752305655,102,etran_energy_score,1.885521805335033
caltech101,densenet161,0.8829722380342162,102,etran_energy_score,1.9006543291805678
caltech101,densenet169,0.8758115275142656,102,etran_energy_score,1.732570721670521
caltech101,efficientnet_b0,0.8765689914873004,102,etran_energy_score,1.0607828767040046
caltech101,mobilenetv2_050,0.7402435857011531,102,etran_energy_score,0.1132104135818848
caltech101,mobilenetv2_100,0.832364617775022,102,etran_energy_score,1.2217268340360878
caltech101,resnet18,0.8249618148343529,102,etran_energy_score,0.9527078996072048
caltech101,resnet34,0.8647097209885856,102,etran_energy_score,1.3571174039305356
caltech101,resnet50,0.8786984754059276,102,etran_energy_score,1.4218954814604734
caltech101,vit_small_patch16_224,0.9325890758913568,102,etran_energy_score,2.0
caltech101,densenet121,0.8815445752305655,102,ncti_score,0.5126937131794506
caltech101,densenet161,0.8829722380342162,102,ncti_score,0.7277701210597107
caltech101,densenet169,0.8758115275142656,102,ncti_score,0.5642485831887074
caltech101,efficientnet_b0,0.8765689914873004,102,ncti_score,0.5359105031292872
caltech101,mobilenetv2_050,0.7402435857011531,102,ncti_score,-1.0
caltech101,mobilenetv2_100,0.832364617775022,102,ncti_score,0.12560532027018456
caltech101,resnet18,0.8249618148343529,102,ncti_score,-0.3707058343760692
caltech101,resnet34,0.8647097209885856,102,ncti_score,0.26685940732402524
caltech101,resnet50,0.8786984754059276,102,ncti_score,0.5271172972161846
caltech101,vit_small_patch16_224,0.9325890758913568,102,ncti_score,1.8830257495719174
caltech101,densenet121,0.8815445752305655,102,tmi_score,25.083441597187544
caltech101,densenet161,0.8829722380342162,102,tmi_score,46.25366449812753
caltech101,densenet169,0.8758115275142656,102,tmi_score,36.47342279607399
caltech101,efficientnet_b0,0.8765689914873004,102,tmi_score,17.372651226225052
caltech101,mobilenetv2_050,0.7402435857011531,102,tmi_score,8.720256547126207
caltech101,mobilenetv2_100,0.832364617775022,102,tmi_score,19.330787807160483
caltech101,resnet18,0.8249618148343529,102,tmi_score,9.739651846203014
caltech101,resnet34,0.8647097209885856,102,tmi_score,11.633483869245705
caltech101,resnet50,0.8786984754059276,102,tmi_score,17.67152804373874
caltech101,vit_small_patch16_224,0.9325890758913568,102,tmi_score,9.43084369032743
oxfordpets,densenet121,0.8749529978927144,37,imagenet,74.434
oxfordpets,densenet161,0.9091687679792296,37,imagenet,77.138
oxfordpets,densenet169,0.88930303093936,37,imagenet,75.6
oxfordpets,efficientnet_b0,0.885601714709954,37,imagenet,77.692
oxfordpets,mobilenetv2_050,0.732783644033913,37,imagenet,65.95
oxfordpets,mobilenetv2_100,0.8584925162348174,37,imagenet,72.976
oxfordpets,resnet18,0.8580522388049154,37,imagenet,69.758
oxfordpets,resnet34,0.8813056148657081,37,imagenet,73.314
oxfordpets,resnet50,0.9051590955642684,37,imagenet,76.13
oxfordpets,vit_small_patch16_224,0.9204170877115228,37,imagenet,78.846
oxfordpets,densenet121,0.8749529978927144,37,hscore_score,28.741606779992708
oxfordpets,densenet161,0.9091687679792296,37,hscore_score,29.86973360196194
oxfordpets,densenet169,0.88930303093936,37,hscore_score,31.68843900771547
oxfordpets,efficientnet_b0,0.885601714709954,37,hscore_score,31.781831619057805
oxfordpets,mobilenetv2_050,0.732783644033913,37,hscore_score,27.795787071270844
oxfordpets,mobilenetv2_100,0.8584925162348174,37,hscore_score,30.353435347285895
oxfordpets,resnet18,0.8580522388049154,37,hscore_score,23.88522504872061
oxfordpets,resnet34,0.8813056148657081,37,hscore_score,28.00868211699975
oxfordpets,resnet50,0.9051590955642684,37,hscore_score,34.36740675060725
oxfordpets,vit_small_patch16_224,0.9204170877115228,37,hscore_score,26.430724558700035
oxfordpets,densenet121,0.8749529978927144,37,nce_score,-0.6995560275737787
oxfordpets,densenet161,0.9091687679792296,37,nce_score,-0.6620076753606572
oxfordpets,densenet169,0.88930303093936,37,nce_score,-0.67808710929118
oxfordpets,efficientnet_b0,0.885601714709954,37,nce_score,-0.6656197205670356
oxfordpets,mobilenetv2_050,0.732783644033913,37,nce_score,-0.8423864909593093
oxfordpets,mobilenetv2_100,0.8584925162348174,37,nce_score,-0.7368259661142762
oxfordpets,resnet18,0.8580522388049154,37,nce_score,-0.765544706803581
oxfordpets,resnet34,0.8813056148657081,37,nce_score,-0.6947779299712508
oxfordpets,resnet50,0.9051590955642684,37,nce_score,-0.6425145052580477
oxfordpets,vit_small_patch16_224,0.9204170877115228,37,nce_score,-0.680906191743751
oxfordpets,densenet121,0.8749529978927144,37,leep_score,-0.9797501727335703
oxfordpets,densenet161,0.9091687679792296,37,leep_score,-0.7197551355582831
oxfordpets,densenet169,0.88930303093936,37,leep_score,-0.7334709444164887
oxfordpets,efficientnet_b0,0.885601714709954,37,leep_score,-0.8948416625276379
oxfordpets,mobilenetv2_050,0.732783644033913,37,leep_score,-1.2089374639605666
oxfordpets,mobilenetv2_100,0.8584925162348174,37,leep_score,-0.987421369569698
oxfordpets,resnet18,0.8580522388049154,37,leep_score,-0.8491201329827315
oxfordpets,resnet34,0.8813056148657081,37,leep_score,-0.9472620045781184
oxfordpets,resnet50,0.9051590955642684,37,leep_score,-0.6698507001478564
oxfordpets,vit_small_patch16_224,0.9204170877115228,37,leep_score,-0.7571117282778596
oxfordpets,densenet121,0.8749529978927144,37,nleep_score,-0.3424723952144079
oxfordpets,densenet161,0.9091687679792296,37,nleep_score,-0.286739443761767
oxfordpets,densenet169,0.88930303093936,37,nleep_score,-0.30180693134349607
oxfordpets,efficientnet_b0,0.885601714709954,37,nleep_score,-0.2806587609827205
oxfordpets,mobilenetv2_050,0.732783644033913,37,nleep_score,-0.6365520397242309
oxfordpets,mobilenetv2_100,0.8584925162348174,37,nleep_score,-0.3561926181885375
oxfordpets,resnet18,0.8580522388049154,37,nleep_score,-0.3971012969475507
oxfordpets,resnet34,0.8813056148657081,37,nleep_score,-0.27759787598655056
oxfordpets,resnet50,0.9051590955642684,37,nleep_score,-0.28135666064068093
oxfordpets,vit_small_patch16_224,0.9204170877115228,37,nleep_score,-0.2514635715857802
oxfordpets,densenet121,0.8749529978927144,37,parc_score,7.582117510071037
oxfordpets,densenet161,0.9091687679792296,37,parc_score,8.4826103806588
oxfordpets,densenet169,0.88930303093936,37,parc_score,7.587386061016301
oxfordpets,efficientnet_b0,0.885601714709954,37,parc_score,9.095749811353656
oxfordpets,mobilenetv2_050,0.732783644033913,37,parc_score,7.480081355006317
oxfordpets,mobilenetv2_100,0.8584925162348174,37,parc_score,7.565115131331915
oxfordpets,resnet18,0.8580522388049154,37,parc_score,8.01516949122397
oxfordpets,resnet34,0.8813056148657081,37,parc_score,8.452704291883645
oxfordpets,resnet50,0.9051590955642684,37,parc_score,10.252917726924414
oxfordpets,vit_small_patch16_224,0.9204170877115228,37,parc_score,7.876144276032942
oxfordpets,densenet121,0.8749529978927144,37,reg_hscore_score,27.49780626461573
oxfordpets,densenet161,0.9091687679792296,37,reg_hscore_score,28.063272828839143
oxfordpets,densenet169,0.88930303093936,37,reg_hscore_score,27.24636454942392
oxfordpets,efficientnet_b0,0.885601714709954,37,reg_hscore_score,31.03657077560932
oxfordpets,mobilenetv2_050,0.732783644033913,37,reg_hscore_score,26.51740335341435
oxfordpets,mobilenetv2_100,0.8584925162348174,37,reg_hscore_score,29.511002383576304
oxfordpets,resnet18,0.8580522388049154,37,reg_hscore_score,23.318556403145067
oxfordpets,resnet34,0.8813056148657081,37,reg_hscore_score,27.63158226253547
oxfordpets,resnet50,0.9051590955642684,37,reg_hscore_score,32.94371621377432
oxfordpets,vit_small_patch16_224,0.9204170877115228,37,reg_hscore_score,26.09490919349516
oxfordpets,densenet121,0.8749529978927144,37,sfda_score,0.9580832177815524
oxfordpets,densenet161,0.9091687679792296,37,sfda_score,0.9633859830661876
oxfordpets,densenet169,0.88930303093936,37,sfda_score,0.9961937328118332
oxfordpets,efficientnet_b0,0.885601714709954,37,sfda_score,0.9843650148375084
oxfordpets,mobilenetv2_050,0.732783644033913,37,sfda_score,0.7443193625129322
oxfordpets,mobilenetv2_100,0.8584925162348174,37,sfda_score,0.9772168404082444
oxfordpets,resnet18,0.8580522388049154,37,sfda_score,0.8828470494585499
oxfordpets,resnet34,0.8813056148657081,37,sfda_score,0.9072599734016196
oxfordpets,resnet50,0.9051590955642684,37,sfda_score,0.9843952797017156
oxfordpets,vit_small_patch16_224,0.9204170877115228,37,sfda_score,0.8995420158643386
oxfordpets,densenet121,0.8749529978927144,37,logme_score,0.8495789075625928
oxfordpets,densenet161,0.9091687679792296,37,logme_score,0.8729336545697713
oxfordpets,densenet169,0.88930303093936,37,logme_score,0.8486335906638298
oxfordpets,efficientnet_b0,0.885601714709954,37,logme_score,1.0063713967381538
oxfordpets,mobilenetv2_050,0.732783644033913,37,logme_score,0.7035166919581637
oxfordpets,mobilenetv2_100,0.8584925162348174,37,logme_score,0.8755457702457455
oxfordpets,resnet18,0.8580522388049154,37,logme_score,0.7403420298385937
oxfordpets,resnet34,0.8813056148657081,37,logme_score,0.967083789823552
oxfordpets,resnet50,0.9051590955642684,37,logme_score,1.181952575161459
oxfordpets,vit_small_patch16_224,0.9204170877115228,37,logme_score,0.9081929780425864
oxfordpets,densenet121,0.8749529978927144,37,gbc_score,-1.0593353656766042
oxfordpets,densenet161,0.9091687679792296,37,gbc_score,-0.630361132564153
oxfordpets,densenet169,0.88930303093936,37,gbc_score,-0.8257037413982422
oxfordpets,efficientnet_b0,0.885601714709954,37,gbc_score,-0.4281452349168282
oxfordpets,mobilenetv2_050,0.732783644033913,37,gbc_score,-2.8098215123599135
oxfordpets,mobilenetv2_100,0.8584925162348174,37,gbc_score,-0.7785236971601817
oxfordpets,resnet18,0.8580522388049154,37,gbc_score,-1.361257264446727
oxfordpets,resnet34,0.8813056148657081,37,gbc_score,-0.5243376264263093
oxfordpets,resnet50,0.9051590955642684,37,gbc_score,-0.30541907467308926
oxfordpets,vit_small_patch16_224,0.9204170877115228,37,gbc_score,-0.5487712377923283
oxfordpets,densenet121,0.8749529978927144,37,pactran_score,-0.4629421097842501
oxfordpets,densenet161,0.9091687679792296,37,pactran_score,-0.3928643040394142
oxfordpets,densenet169,0.88930303093936,37,pactran_score,-0.41651709710351326
oxfordpets,efficientnet_b0,0.885601714709954,37,pactran_score,-0.43685303521765423
oxfordpets,mobilenetv2_050,0.732783644033913,37,pactran_score,-1.592898453693179
oxfordpets,mobilenetv2_100,0.8584925162348174,37,pactran_score,-0.456913998310054
oxfordpets,resnet18,0.8580522388049154,37,pactran_score,-0.5216642494661009
oxfordpets,resnet34,0.8813056148657081,37,pactran_score,-0.5076721459542853
oxfordpets,resnet50,0.9051590955642684,37,pactran_score,-0.4616238804917712
oxfordpets,vit_small_patch16_224,0.9204170877115228,37,pactran_score,-0.5099767180364403
oxfordpets,densenet121,0.8749529978927144,37,etran_energy_score,1.6838656019149918
oxfordpets,densenet161,0.9091687679792296,37,etran_energy_score,1.7100798027572526
oxfordpets,densenet169,0.88930303093936,37,etran_energy_score,1.5808835408752322
oxfordpets,efficientnet_b0,0.885601714709954,37,etran_energy_score,0.9828608241861309
oxfordpets,mobilenetv2_050,0.732783644033913,37,etran_energy_score,0.0
oxfordpets,mobilenetv2_100,0.8584925162348174,37,etran_energy_score,1.0903961039673526
oxfordpets,resnet18,0.8580522388049154,37,etran_energy_score,1.0041483183632174
oxfordpets,resnet34,0.8813056148657081,37,etran_energy_score,1.0962357055176262
oxfordpets,resnet50,0.9051590955642684,37,etran_energy_score,1.2856282868227153
oxfordpets,vit_small_patch16_224,0.9204170877115228,37,etran_energy_score,1.9959475645905762
oxfordpets,densenet121,0.8749529978927144,37,ncti_score,0.7987607720649974
oxfordpets,densenet161,0.9091687679792296,37,ncti_score,1.3803158243277749
oxfordpets,densenet169,0.88930303093936,37,ncti_score,1.1292256397765974
oxfordpets,efficientnet_b0,0.885601714709954,37,ncti_score,1.2082686993659868
oxfordpets,mobilenetv2_050,0.732783644033913,37,ncti_score,-1.0
oxfordpets,mobilenetv2_100,0.8584925162348174,37,ncti_score,0.6330439928369276
oxfordpets,resnet18,0.8580522388049154,37,ncti_score,0.6170722882578666
oxfordpets,resnet34,0.8813056148657081,37,ncti_score,1.2791570283838163
oxfordpets,resnet50,0.9051590955642684,37,ncti_score,1.7776241449730434
oxfordpets,vit_small_patch16_224,0.9204170877115228,37,ncti_score,1.5535316333344045
oxfordpets,densenet121,0.8749529978927144,37,tmi_score,62.43399751626296
oxfordpets,densenet161,0.9091687679792296,37,tmi_score,108.86659580060936
oxfordpets,densenet169,0.88930303093936,37,tmi_score,87.29152485217415
oxfordpets,efficientnet_b0,0.885601714709954,37,tmi_score,36.567034823628056
oxfordpets,mobilenetv2_050,0.732783644033913,37,tmi_score,24.072352866170377
oxfordpets,mobilenetv2_100,0.8584925162348174,37,tmi_score,43.659719605716816
oxfordpets,resnet18,0.8580522388049154,37,tmi_score,23.436120467211712
oxfordpets,resnet34,0.8813056148657081,37,tmi_score,26.894023762288672
oxfordpets,resnet50,0.9051590955642684,37,tmi_score,41.31795033537681
oxfordpets,vit_small_patch16_224,0.9204170877115228,37,tmi_score,24.590811084156176
flowers102,densenet121,0.858917660516678,102,imagenet,74.434
flowers102,densenet161,0.9144551533143834,102,imagenet,77.138
flowers102,densenet169,0.8957135720878885,102,imagenet,75.6
flowers102,efficientnet_b0,0.8851406795994877,102,imagenet,77.692
flowers102,mobilenetv2_050,0.7601569893406188,102,imagenet,65.95
flowers102,mobilenetv2_100,0.8648456641679183,102,imagenet,72.976
flowers102,resnet18,0.8643704787540395,102,imagenet,69.758
flowers102,resnet34,0.8527516726532692,102,imagenet,73.314
flowers102,resnet50,0.8035061471145255,102,imagenet,76.13
flowers102,vit_small_patch16_224,0.9885636935860358,102,imagenet,78.846
flowers102,densenet121,0.858917660516678,102,hscore_score,100.9612589671411
flowers102,densenet161,0.9144551533143834,102,hscore_score,100.73912423310594
flowers102,densenet169,0.8957135720878885,102,hscore_score,100.99999887838044
flowers102,efficientnet_b0,0.8851406795994877,102,hscore_score,100.99999980540989
flowers102,mobilenetv2_050,0.7601569893406188,102,hscore_score,101.00000006563086
flowers102,mobilenetv2_100,0.8648456641679183,102,hscore_score,100.99999968149592
flowers102,resnet18,0.8643704787540395,102,hscore_score,70.0219422438254
flowers102,resnet34,0.8527516726532692,102,hscore_score,69.31970630493134
flowers102,resnet50,0.8035061471145255,102,hscore_score,100.99999976505516
flowers102,vit_small_patch16_224,0.9885636935860358,102,hscore_score,86.6366682946682
flowers102,densenet121,0.858917660516678,102,nce_score,-2.98262499789193
flowers102,densenet161,0.9144551533143834,102,nce_score,-2.93610918839779
flowers102,densenet169,0.8957135720878885,102,nce_score,-2.977821835240823
flowers102,efficientnet_b0,0.8851406795994877,102,nce_score,-2.9212065971297485
flowers102,mobilenetv2_050,0.7601569893406188,102,nce_score,-2.7747284345555814
flowers102,mobilenetv2_100,0.8648456641679183,102,nce_score,-2.868472529406774
flowers102,resnet18,0.8643704787540395,102,nce_score,-2.757391207562258
flowers102,resnet34,0.8527516726532692,102,nce_score,-2.9049559161221805
flowers102,resnet50,0.8035061471145255,102,nce_score,-3.0229112713912003
flowers102,vit_small_patch16_224,0.9885636935860358,102,nce_score,-3.0129621948328316
flowers102,densenet121,0.858917660516678,102,leep_score,-3.549435041711758
flowers102,densenet161,0.9144551533143834,102,leep_score,-3.2349295516973213
flowers102,densenet169,0.8957135720878885,102,leep_score,-3.2650060239086525
flowers102,efficientnet_b0,0.8851406795994877,102,leep_score,-3.450371576876232
flowers102,mobilenetv2_050,0.7601569893406188,102,leep_score,-3.494686780253822
flowers102,mobilenetv2_100,0.8648456641679183,102,leep_score,-3.545724541994675
flowers102,resnet18,0.8643704787540395,102,leep_score,-3.2041776377362092
flowers102,resnet34,0.8527516726532692,102,leep_score,-3.474633036726879
flowers102,resnet50,0.8035061471145255,102,leep_score,-3.2928909412650773
flowers102,vit_small_patch16_224,0.9885636935860358,102,leep_score,-3.3521857835234714
flowers102,densenet121,0.858917660516678,102,nleep_score,-0.2740038001534719
flowers102,densenet161,0.9144551533143834,102,nleep_score,-0.2817275113713337
flowers102,densenet169,0.8957135720878885,102,nleep_score,-0.31112198198792007
flowers102,efficientnet_b0,0.8851406795994877,102,nleep_score,-0.2635978391362233
flowers102,mobilenetv2_050,0.7601569893406188,102,nleep_score,-0.2892933543863431
flowers102,mobilenetv2_100,0.8648456641679183,102,nleep_score,-0.20618966787637583
flowers102,resnet18,0.8643704787540395,102,nleep_score,-0.3594726044211111
flowers102,resnet34,0.8527516726532692,102,nleep_score,-0.3999448858407704
flowers102,resnet50,0.8035061471145255,102,nleep_score,-0.3374849439667919
flowers102,vit_small_patch16_224,0.9885636935860358,102,nleep_score,0.0
flowers102,densenet121,0.858917660516678,102,parc_score,13.923282359556335
flowers102,densenet161,0.9144551533143834,102,parc_score,13.842555595135645
flowers102,densenet169,0.8957135720878885,102,parc_score,13.57243220452252
flowers102,efficientnet_b0,0.8851406795994877,102,parc_score,13.97872285898442
flowers102,mobilenetv2_050,0.7601569893406188,102,parc_score,13.428092475419383
flowers102,mobilenetv2_100,0.8648456641679183,102,parc_score,14.044524494945549
flowers102,resnet18,0.8643704787540395,102,parc_score,13.298290505751195
flowers102,resnet34,0.8527516726532692,102,parc_score,13.072337038993853
flowers102,resnet50,0.8035061471145255,102,parc_score,13.72520831236074
flowers102,vit_small_patch16_224,0.9885636935860358,102,parc_score,15.946199033577807
flowers102,densenet121,0.858917660516678,102,reg_hscore_score,74.24382085065989
flowers102,densenet161,0.9144551533143834,102,reg_hscore_score,80.10145503386045
flowers102,densenet169,0.8957135720878885,102,reg_hscore_score,75.10457801171654
flowers102,efficientnet_b0,0.8851406795994877,102,reg_hscore_score,82.29894501273535
flowers102,mobilenetv2_050,0.7601569893406188,102,reg_hscore_score,80.14201851554849
flowers102,mobilenetv2_100,0.8648456641679183,102,reg_hscore_score,80.34154561151635
flowers102,resnet18,0.8643704787540395,102,reg_hscore_score,55.11407676198001
flowers102,resnet34,0.8527516726532692,102,reg_hscore_score,55.91420323313626
flowers102,resnet50,0.8035061471145255,102,reg_hscore_score,87.33866907431425
flowers102,vit_small_patch16_224,0.9885636935860358,102,reg_hscore_score,77.4582848640652
flowers102,densenet121,0.858917660516678,102,sfda_score,1.0
flowers102,densenet161,0.9144551533143834,102,sfda_score,1.0
flowers102,densenet169,0.8957135720878885,102,sfda_score,1.0
flowers102,efficientnet_b0,0.8851406795994877,102,sfda_score,1.0
flowers102,mobilenetv2_050,0.7601569893406188,102,sfda_score,0.8936560027992735
flowers102,mobilenetv2_100,0.8648456641679183,102,sfda_score,1.0
flowers102,resnet18,0.8643704787540395,102,sfda_score,0.9978665675234584
flowers102,resnet34,0.8527516726532692,102,sfda_score,0.9904503349329296
flowers102,resnet50,0.8035061471145255,102,sfda_score,1.0
flowers102,vit_small_patch16_224,0.9885636935860358,102,sfda_score,1.0
flowers102,densenet121,0.858917660516678,102,logme_score,1.0278800953217089
flowers102,densenet161,0.9144551533143834,102,logme_score,1.0315294451360744
flowers102,densenet169,0.8957135720878885,102,logme_score,1.0245111818937649
flowers102,efficientnet_b0,0.8851406795994877,102,logme_score,1.0652371932305849
flowers102,mobilenetv2_050,0.7601569893406188,102,logme_score,1.038522964967339
flowers102,mobilenetv2_100,0.8648456641679183,102,logme_score,1.0567941077636644
flowers102,resnet18,0.8643704787540395,102,logme_score,0.9883959485146336
flowers102,resnet34,0.8527516726532692,102,logme_score,0.9953849771806949
flowers102,resnet50,0.8035061471145255,102,logme_score,1.0527939711599212
flowers102,vit_small_patch16_224,0.9885636935860358,102,logme_score,1.3464724806592423
flowers102,densenet121,0.858917660516678,102,gbc_score,-1.4120616553486196
flowers102,densenet161,0.9144551533143834,102,gbc_score,-1.8939249848451865
flowers102,densenet169,0.8957135720878885,102,gbc_score,-2.480754817630016
flowers102,efficientnet_b0,0.8851406795994877,102,gbc_score,-1.144492106691977
flowers102,mobilenetv2_050,0.7601569893406188,102,gbc_score,-2.306872746888953
flowers102,mobilenetv2_100,0.8648456641679183,102,gbc_score,-1.3395583700347888
flowers102,resnet18,0.8643704787540395,102,gbc_score,-3.5382819733807787
flowers102,resnet34,0.8527516726532692,102,gbc_score,-3.922227361437873
flowers102,resnet50,0.8035061471145255,102,gbc_score,-2.871320156496473
flowers102,vit_small_patch16_224,0.9885636935860358,102,gbc_score,-0.0036700938101112105
flowers102,densenet121,0.858917660516678,102,pactran_score,-2.4352955558924703
flowers102,densenet161,0.9144551533143834,102,pactran_score,-1.984147832271949
flowers102,densenet169,0.8957135720878885,102,pactran_score,-2.1479967039988557
flowers102,efficientnet_b0,0.8851406795994877,102,pactran_score,-2.2565997019139146
flowers102,mobilenetv2_050,0.7601569893406188,102,pactran_score,-4.696399107748748
flowers102,mobilenetv2_100,0.8648456641679183,102,pactran_score,-2.2588326312157294
flowers102,resnet18,0.8643704787540395,102,pactran_score,-2.8000261564359556
flowers102,resnet34,0.8527516726532692,102,pactran_score,-2.8819749723524968
flowers102,resnet50,0.8035061471145255,102,pactran_score,-2.4495753324188083
flowers102,vit_small_patch16_224,0.9885636935860358,102,pactran_score,-2.488177540854045
flowers102,densenet121,0.858917660516678,102,etran_energy_score,1.9272513934225257
flowers102,densenet161,0.9144551533143834,102,etran_energy_score,1.7978300803297973
flowers102,densenet169,0.8957135720878885,102,etran_energy_score,1.6306317850707779
flowers102,efficientnet_b0,0.8851406795994877,102,etran_energy_score,0.9491113711052165
flowers102,mobilenetv2_050,0.7601569893406188,102,etran_energy_score,0.03881244695947205
flowers102,mobilenetv2_100,0.8648456641679183,102,etran_energy_score,1.1042343359079285
flowers102,resnet18,0.8643704787540395,102,etran_energy_score,0.9300305040944281
flowers102,resnet34,0.8527516726532692,102,etran_energy_score,1.4832016842156905
flowers102,resnet50,0.8035061471145255,102,etran_energy_score,1.0304780721931877
flowers102,vit_small_patch16_224,0.9885636935860358,102,etran_energy_score,1.9712837823195062
flowers102,densenet121,0.858917660516678,102,ncti_score,0.07485863588152741
flowers102,densenet161,0.9144551533143834,102,ncti_score,0.14630857190975677
flowers102,densenet169,0.8957135720878885,102,ncti_score,-0.07832246198903148
flowers102,efficientnet_b0,0.8851406795994877,102,ncti_score,0.008829089175482197
flowers102,mobilenetv2_050,0.7601569893406188,102,ncti_score,-0.8085072266337493
flowers102,mobilenetv2_100,0.8648456641679183,102,ncti_score,-0.01501017888979006
flowers102,resnet18,0.8643704787540395,102,ncti_score,-0.2354287367512254
flowers102,resnet34,0.8527516726532692,102,ncti_score,-0.9725597921977401
flowers102,resnet50,0.8035061471145255,102,ncti_score,-0.3194224195004306
flowers102,vit_small_patch16_224,0.9885636935860358,102,ncti_score,2.0
flowers102,densenet121,0.858917660516678,102,tmi_score,24.655160394385614
flowers102,densenet161,0.9144551533143834,102,tmi_score,43.92986195069321
flowers102,densenet169,0.8957135720878885,102,tmi_score,34.55161375796937
flowers102,efficientnet_b0,0.8851406795994877,102,tmi_score,16.985624817208198
flowers102,mobilenetv2_050,0.7601569893406188,102,tmi_score,8.71134666049704
flowers102,mobilenetv2_100,0.8648456641679183,102,tmi_score,19.358953364158584
flowers102,resnet18,0.8643704787540395,102,tmi_score,8.845159769353414
flowers102,resnet34,0.8527516726532692,102,tmi_score,11.260268918060412
flowers102,resnet50,0.8035061471145255,102,tmi_score,16.77883500878637
flowers102,vit_small_patch16_224,0.9885636935860358,102,tmi_score,9.06573003182013
dtd,densenet121,0.6771276595744681,47,imagenet,74.434
dtd,densenet161,0.7074468085106383,47,imagenet,77.138
dtd,densenet169,0.6867021276595746,47,imagenet,75.6
dtd,efficientnet_b0,0.6606382978723404,47,imagenet,77.692
dtd,mobilenetv2_050,0.5957446808510638,47,imagenet,65.95
dtd,mobilenetv2_100,0.6638297872340426,47,imagenet,72.976
dtd,resnet18,0.6361702127659573,47,imagenet,69.758
dtd,resnet34,0.653723404255319,47,imagenet,73.314
dtd,resnet50,0.6670212765957448,47,imagenet,76.13
dtd,vit_small_patch16_224,0.7585106382978725,47,imagenet,78.846
dtd,densenet121,0.6771276595744681,47,hscore_score,34.97080131147158
dtd,densenet161,0.7074468085106383,47,hscore_score,37.62155380069177
dtd,densenet169,0.6867021276595746,47,hscore_score,43.38263799368319
dtd,efficientnet_b0,0.6606382978723404,47,hscore_score,38.86311895058034
dtd,mobilenetv2_050,0.5957446808510638,47,hscore_score,37.72746879359879
dtd,mobilenetv2_100,0.6638297872340426,47,hscore_score,38.725942624470335
dtd,resnet18,0.6361702127659573,47,hscore_score,24.76658906282804
dtd,resnet34,0.653723404255319,47,hscore_score,25.61664576870755
dtd,resnet50,0.6670212765957448,47,hscore_score,46.00000041236004
dtd,vit_small_patch16_224,0.7585106382978725,47,hscore_score,26.43144866079092
dtd,densenet121,0.6771276595744681,47,nce_score,-1.4558123108037908
dtd,densenet161,0.7074468085106383,47,nce_score,-1.4021062729246951
dtd,densenet169,0.6867021276595746,47,nce_score,-1.383013076710971
dtd,efficientnet_b0,0.6606382978723404,47,nce_score,-1.50984733602495
dtd,mobilenetv2_050,0.5957446808510638,47,nce_score,-1.509661268850874
dtd,mobilenetv2_100,0.6638297872340426,47,nce_score,-1.4847760658030718
dtd,resnet18,0.6361702127659573,47,nce_score,-1.4353517395476192
dtd,resnet34,0.653723404255319,47,nce_score,-1.489351439153754
dtd,resnet50,0.6670212765957448,47,nce_score,-1.403373237265023
dtd,vit_small_patch16_224,0.7585106382978725,47,nce_score,-1.4258025214161445
dtd,densenet121,0.6771276595744681,47,leep_score,-2.281833793238829
dtd,densenet161,0.7074468085106383,47,leep_score,-1.806919872555946
dtd,densenet169,0.6867021276595746,47,leep_score,-1.8248003182690509
dtd,efficientnet_b0,0.6606382978723404,47,leep_score,-2.2533865324741513
dtd,mobilenetv2_050,0.5957446808510638,47,leep_score,-2.5868593238200748
dtd,mobilenetv2_100,0.6638297872340426,47,leep_score,-2.375457968534059
dtd,resnet18,0.6361702127659573,47,leep_score,-2.10850626365405
dtd,resnet34,0.653723404255319,47,leep_score,-2.267750722658099
dtd,resnet50,0.6670212765957448,47,leep_score,-1.8183235751953677
dtd,vit_small_patch16_224,0.7585106382978725,47,leep_score,-1.9602551259136205
dtd,densenet121,0.6771276595744681,47,nleep_score,-1.0028312075262005
dtd,densenet161,0.7074468085106383,47,nleep_score,-1.0800567698066876
dtd,densenet169,0.6867021276595746,47,nleep_score,-1.0828599141422732
dtd,efficientnet_b0,0.6606382978723404,47,nleep_score,-1.054257850114635
dtd,mobilenetv2_050,0.5957446808510638,47,nleep_score,-1.2174521858658889
dtd,mobilenetv2_100,0.6638297872340426,47,nleep_score,-1.068304524436142
dtd,resnet18,0.6361702127659573,47,nleep_score,-1.1363336734399787
dtd,resnet34,0.653723404255319,47,nleep_score,-1.054580983230821
dtd,resnet50,0.6670212765957448,47,nleep_score,-0.9877192728374102
dtd,vit_small_patch16_224,0.7585106382978725,47,nleep_score,-0.797352215730115
dtd,densenet121,0.6771276595744681,47,parc_score,14.9411336932365
dtd,densenet161,0.7074468085106383,47,parc_score,14.894651514508247
dtd,densenet169,0.6867021276595746,47,parc_score,14.687109071580554
dtd,efficientnet_b0,0.6606382978723404,47,parc_score,14.501410098717116
dtd,mobilenetv2_050,0.5957446808510638,47,parc_score,13.2224983179458
dtd,mobilenetv2_100,0.6638297872340426,47,parc_score,14.701405938017642
dtd,resnet18,0.6361702127659573,47,parc_score,14.129213307796382
dtd,resnet34,0.653723404255319,47,parc_score,14.159424663016368
dtd,resnet50,0.6670212765957448,47,parc_score,15.70768228159937
dtd,vit_small_patch16_224,0.7585106382978725,47,parc_score,16.082238981503522
dtd,densenet121,0.6771276595744681,47,reg_hscore_score,29.077256731912364
dtd,densenet161,0.7074468085106383,47,reg_hscore_score,30.090916357308096
dtd,densenet169,0.6867021276595746,47,reg_hscore_score,28.786187022909427
dtd,efficientnet_b0,0.6606382978723404,47,reg_hscore_score,32.31873970142061
dtd,mobilenetv2_050,0.5957446808510638,47,reg_hscore_score,30.017988291486784
dtd,mobilenetv2_100,0.6638297872340426,47,reg_hscore_score,31.69126141953262
dtd,resnet18,0.6361702127659573,47,reg_hscore_score,22.005739790906723
dtd,resnet34,0.653723404255319,47,reg_hscore_score,23.462131074083658
dtd,resnet50,0.6670212765957448,47,reg_hscore_score,36.5087561082475
dtd,vit_small_patch16_224,0.7585106382978725,47,reg_hscore_score,24.74570269464293
dtd,densenet121,0.6771276595744681,47,sfda_score,0.9314987867510628
dtd,densenet161,0.7074468085106383,47,sfda_score,0.9548355215553193
dtd,densenet169,0.6867021276595746,47,sfda_score,0.9999999999993486
dtd,efficientnet_b0,0.6606382978723404,47,sfda_score,0.991280344329819
dtd,mobilenetv2_050,0.5957446808510638,47,sfda_score,0.5839947699294907
dtd,mobilenetv2_100,0.6638297872340426,47,sfda_score,0.9813392805231412
dtd,resnet18,0.6361702127659573,47,sfda_score,0.7697688905641676
dtd,resnet34,0.653723404255319,47,sfda_score,0.769121555339658
dtd,resnet50,0.6670212765957448,47,sfda_score,0.9999999999182552
dtd,vit_small_patch16_224,0.7585106382978725,47,sfda_score,0.78889370703023
dtd,densenet121,0.6771276595744681,47,logme_score,0.7023168881616476
dtd,densenet161,0.7074468085106383,47,logme_score,0.6919107849787289
dtd,densenet169,0.6867021276595746,47,logme_score,0.6890773656533306
dtd,efficientnet_b0,0.6606382978723404,47,logme_score,0.7010595450639783
dtd,mobilenetv2_050,0.5957446808510638,47,logme_score,0.6627886526988005
dtd,mobilenetv2_100,0.6638297872340426,47,logme_score,0.6979816741766
dtd,resnet18,0.6361702127659573,47,logme_score,0.6496332878128861
dtd,resnet34,0.653723404255319,47,logme_score,0.6677931990868698
dtd,resnet50,0.6670212765957448,47,logme_score,0.7500649693931117
dtd,vit_small_patch16_224,0.7585106382978725,47,logme_score,0.7269121224472035
dtd,densenet121,0.6771276595744681,47,gbc_score,-13.309438818248587
dtd,densenet161,0.7074468085106383,47,gbc_score,-16.89528090714211
dtd,densenet169,0.6867021276595746,47,gbc_score,-17.300642706880584
dtd,efficientnet_b0,0.6606382978723404,47,gbc_score,-16.208303087853537
dtd,mobilenetv2_050,0.5957446808510638,47,gbc_score,-24.978194037296394
dtd,mobilenetv2_100,0.6638297872340426,47,gbc_score,-16.124989371326837
dtd,resnet18,0.6361702127659573,47,gbc_score,-23.963557288350668
dtd,resnet34,0.653723404255319,47,gbc_score,-19.33184919537886
dtd,resnet50,0.6670212765957448,47,gbc_score,-11.79377033095684
dtd,vit_small_patch16_224,0.7585106382978725,47,gbc_score,-8.94262790778959
dtd,densenet121,0.6771276595744681,47,pactran_score,-0.9335805458609888
dtd,densenet161,0.7074468085106383,47,pactran_score,-0.8064388779760054
dtd,densenet169,0.6867021276595746,47,pactran_score,-0.8481129361477353
dtd,efficientnet_b0,0.6606382978723404,47,pactran_score,-0.8966393420789643
dtd,mobilenetv2_050,0.5957446808510638,47,pactran_score,-2.6271643271294884
dtd,mobilenetv2_100,0.6638297872340426,47,pactran_score,-0.9105405336476958
dtd,resnet18,0.6361702127659573,47,pactran_score,-1.1013575751313935
dtd,resnet34,0.653723404255319,47,pactran_score,-1.0537139481473827
dtd,resnet50,0.6670212765957448,47,pactran_score,-1.0253585523123994
dtd,vit_small_patch16_224,0.7585106382978725,47,pactran_score,-1.0053014504333715
dtd,densenet121,0.6771276595744681,47,etran_energy_score,1.8917189723901977
dtd,densenet161,0.7074468085106383,47,etran_energy_score,1.8688501171994423
dtd,densenet169,0.6867021276595746,47,etran_energy_score,1.7246054315469066
dtd,efficientnet_b0,0.6606382978723404,47,etran_energy_score,1.2539666234263083
dtd,mobilenetv2_050,0.5957446808510638,47,etran_energy_score,0.32470907751641476
dtd,mobilenetv2_100,0.6638297872340426,47,etran_energy_score,1.3639311816096396
dtd,resnet18,0.6361702127659573,47,etran_energy_score,0.8432782802344323
dtd,resnet34,0.653723404255319,47,etran_energy_score,1.8851375163050945
dtd,resnet50,0.6670212765957448,47,etran_energy_score,1.399693740662523
dtd,vit_small_patch16_224,0.7585106382978725,47,etran_energy_score,1.7397216297338063
dtd,densenet121,0.6771276595744681,47,ncti_score,0.628924309773025
dtd,densenet161,0.7074468085106383,47,ncti_score,0.6246379895316879
dtd,densenet169,0.6867021276595746,47,ncti_score,0.5890961205878869
dtd,efficientnet_b0,0.6606382978723404,47,ncti_score,0.5169179205552099
dtd,mobilenetv2_050,0.5957446808510638,47,ncti_score,-1.0
dtd,mobilenetv2_100,0.6638297872340426,47,ncti_score,0.3622350497001462
dtd,resnet18,0.6361702127659573,47,ncti_score,0.08988994046556564
dtd,resnet34,0.653723404255319,47,ncti_score,0.14297668215621517
dtd,resnet50,0.6670212765957448,47,ncti_score,1.026206761910454
dtd,vit_small_patch16_224,0.7585106382978725,47,ncti_score,1.8858944268709048
dtd,densenet121,0.6771276595744681,47,tmi_score,60.14997500108117
dtd,densenet161,0.7074468085106383,47,tmi_score,119.22515182596824
dtd,densenet169,0.6867021276595746,47,tmi_score,91.53123803560024
dtd,efficientnet_b0,0.6606382978723404,47,tmi_score,47.45751776665526
dtd,mobilenetv2_050,0.5957446808510638,47,tmi_score,18.935785833099292
dtd,mobilenetv2_100,0.6638297872340426,47,tmi_score,52.56214091211978
dtd,resnet18,0.6361702127659573,47,tmi_score,22.068658378696504
dtd,resnet34,0.653723404255319,47,tmi_score,28.510221033325102
dtd,resnet50,0.6670212765957448,47,tmi_score,54.22660051775595
dtd,vit_small_patch16_224,0.7585106382978725,47,tmi_score,22.022557565161694
stanfordcars,densenet121,0.7406016547474712,196,imagenet,74.434
stanfordcars,densenet161,0.8046838576698639,196,imagenet,77.138
stanfordcars,densenet169,0.786676674214534,196,imagenet,75.6
stanfordcars,efficientnet_b0,0.7527618989500439,196,imagenet,77.692
stanfordcars,mobilenetv2_050,0.437272996655256,196,imagenet,65.95
stanfordcars,mobilenetv2_100,0.7278765181351872,196,imagenet,72.976
stanfordcars,resnet18,0.6828571304635248,196,imagenet,69.758
stanfordcars,resnet34,0.7015844780125411,196,imagenet,73.314
stanfordcars,resnet50,0.6840747116540279,196,imagenet,76.13
stanfordcars,vit_small_patch16_224,0.7896935435587035,196,imagenet,78.846
stanfordcars,densenet121,0.7406016547474712,196,hscore_score,49.99843256827869
stanfordcars,densenet161,0.8046838576698639,196,hscore_score,57.96926653848828
stanfordcars,densenet169,0.786676674214534,196,hscore_score,73.58098034438014
stanfordcars,efficientnet_b0,0.7527618989500439,196,hscore_score,62.89314199656525
stanfordcars,mobilenetv2_050,0.437272996655256,196,hscore_score,56.13532482127815
stanfordcars,mobilenetv2_100,0.7278765181351872,196,hscore_score,57.99994179335899
stanfordcars,resnet18,0.6828571304635248,196,hscore_score,28.861763035168742
stanfordcars,resnet34,0.7015844780125411,196,hscore_score,30.430779962256167
stanfordcars,resnet50,0.6840747116540279,196,hscore_score,82.70352149831605
stanfordcars,vit_small_patch16_224,0.7896935435587035,196,hscore_score,30.69755119971356
stanfordcars,densenet121,0.7406016547474712,196,nce_score,-4.2676439156312345
stanfordcars,densenet161,0.8046838576698639,196,nce_score,-4.178215608414339
stanfordcars,densenet169,0.786676674214534,196,nce_score,-4.193893866234733
stanfordcars,efficientnet_b0,0.7527618989500439,196,nce_score,-4.209078155027623
stanfordcars,mobilenetv2_050,0.437272996655256,196,nce_score,-4.3980895641132385
stanfordcars,mobilenetv2_100,0.7278765181351872,196,nce_score,-4.35472553244994
stanfordcars,resnet18,0.6828571304635248,196,nce_score,-4.3600967593020155
stanfordcars,resnet34,0.7015844780125411,196,nce_score,-4.253860886370075
stanfordcars,resnet50,0.6840747116540279,196,nce_score,-4.158208926090436
stanfordcars,vit_small_patch16_224,0.7896935435587035,196,nce_score,-4.1632933429907135
stanfordcars,densenet121,0.7406016547474712,196,leep_score,-4.5340866178897015
stanfordcars,densenet161,0.8046838576698639,196,leep_score,-4.265955331563864
stanfordcars,densenet169,0.786676674214534,196,leep_score,-4.275411107292445
stanfordcars,efficientnet_b0,0.7527618989500439,196,leep_score,-4.383154146854648
stanfordcars,mobilenetv2_050,0.437272996655256,196,leep_score,-4.708598158433885
stanfordcars,mobilenetv2_100,0.7278765181351872,196,leep_score,-4.591833074444812
stanfordcars,resnet18,0.6828571304635248,196,leep_score,-4.499687697689969
stanfordcars,resnet34,0.7015844780125411,196,leep_score,-4.450229321236492
stanfordcars,resnet50,0.6840747116540279,196,leep_score,-4.171498217302797
stanfordcars,vit_small_patch16_224,0.7896935435587035,196,leep_score,-4.299981400563312
stanfordcars,densenet121,0.7406016547474712,196,nleep_score,-1.81727195163843
stanfordcars,densenet161,0.8046838576698639,196,nleep_score,-1.6933667611742382
stanfordcars,densenet169,0.786676674214534,196,nleep_score,-1.761793594459142
stanfordcars,efficientnet_b0,0.7527618989500439,196,nleep_score,-1.7121420817547393
stanfordcars,mobilenetv2_050,0.437272996655256,196,nleep_score,-1.909061930984458
stanfordcars,mobilenetv2_100,0.7278765181351872,196,nleep_score,-1.7753642216180363
stanfordcars,resnet18,0.6828571304635248,196,nleep_score,-1.9168512644035485
stanfordcars,resnet34,0.7015844780125411,196,nleep_score,-1.7941687195000866
stanfordcars,resnet50,0.6840747116540279,196,nleep_score,-1.7133855536270466
stanfordcars,vit_small_patch16_224,0.7896935435587035,196,nleep_score,-1.6275138918546634
stanfordcars,densenet121,0.7406016547474712,196,parc_score,5.533295955980572
stanfordcars,densenet161,0.8046838576698639,196,parc_score,5.856181267401093
stanfordcars,densenet169,0.786676674214534,196,parc_score,5.607075287468288
stanfordcars,efficientnet_b0,0.7527618989500439,196,parc_score,6.1533435728060875
stanfordcars,mobilenetv2_050,0.437272996655256,196,parc_score,5.011788070922632
stanfordcars,mobilenetv2_100,0.7278765181351872,196,parc_score,5.555519049582587
stanfordcars,resnet18,0.6828571304635248,196,parc_score,5.0674317791713435
stanfordcars,resnet34,0.7015844780125411,196,parc_score,5.719300652555104
stanfordcars,resnet50,0.6840747116540279,196,parc_score,6.235083315570228
stanfordcars,vit_small_patch16_224,0.7896935435587035,196,parc_score,6.578748698211284
stanfordcars,densenet121,0.7406016547474712,196,reg_hscore_score,44.761324959109416
stanfordcars,densenet161,0.8046838576698639,196,reg_hscore_score,45.29211401123305
stanfordcars,densenet169,0.786676674214534,196,reg_hscore_score,41.55224287323654
stanfordcars,efficientnet_b0,0.7527618989500439,196,reg_hscore_score,60.42544811976507
stanfordcars,mobilenetv2_050,0.437272996655256,196,reg_hscore_score,51.41257516584021
stanfordcars,mobilenetv2_100,0.7278765181351872,196,reg_hscore_score,52.84273077361715
stanfordcars,resnet18,0.6828571304635248,196,reg_hscore_score,27.698663230511787
stanfordcars,resnet34,0.7015844780125411,196,reg_hscore_score,29.619356922980707
stanfordcars,resnet50,0.6840747116540279,196,reg_hscore_score,73.49978590811465
stanfordcars,vit_small_patch16_224,0.7896935435587035,196,reg_hscore_score,30.298559830459695
stanfordcars,densenet121,0.7406016547474712,196,sfda_score,0.8126034313970552
stanfordcars,densenet161,0.8046838576698639,196,sfda_score,0.8626107671266516
stanfordcars,densenet169,0.786676674214534,196,sfda_score,0.9650883365455508
stanfordcars,efficientnet_b0,0.7527618989500439,196,sfda_score,0.8685568995547139
stanfordcars,mobilenetv2_050,0.437272996655256,196,sfda_score,0.5286618837959176
stanfordcars,mobilenetv2_100,0.7278765181351872,196,sfda_score,0.8184153745447212
stanfordcars,resnet18,0.6828571304635248,196,sfda_score,0.6247980341405598
stanfordcars,resnet34,0.7015844780125411,196,sfda_score,0.5730087322314003
stanfordcars,resnet50,0.6840747116540279,196,sfda_score,0.802625112815614
stanfordcars,vit_small_patch16_224,0.7896935435587035,196,sfda_score,0.6242930437072188
stanfordcars,densenet121,0.7406016547474712,196,logme_score,1.2527882317567192
stanfordcars,densenet161,0.8046838576698639,196,logme_score,1.255683386480305
stanfordcars,densenet169,0.786676674214534,196,logme_score,1.253202018053125
stanfordcars,efficientnet_b0,0.7527618989500439,196,logme_score,1.2635501005650864
stanfordcars,mobilenetv2_050,0.437272996655256,196,logme_score,1.2513798594727197
stanfordcars,mobilenetv2_100,0.7278765181351872,196,logme_score,1.2554005730354438
stanfordcars,resnet18,0.6828571304635248,196,logme_score,1.244369019468646
stanfordcars,resnet34,0.7015844780125411,196,logme_score,1.2488079519395994
stanfordcars,resnet50,0.6840747116540279,196,logme_score,1.2637646456657574
stanfordcars,vit_small_patch16_224,0.7896935435587035,196,logme_score,1.2565165632015234
stanfordcars,densenet121,0.7406016547474712,196,gbc_score,-1284.3096701231716
stanfordcars,densenet161,0.8046838576698639,196,gbc_score,-992.7065336460732
stanfordcars,densenet169,0.786676674214534,196,gbc_score,-1051.9279563418354
stanfordcars,efficientnet_b0,0.7527618989500439,196,gbc_score,-828.9707573263496
stanfordcars,mobilenetv2_050,0.437272996655256,196,gbc_score,-2150.0596754481912
stanfordcars,mobilenetv2_100,0.7278765181351872,196,gbc_score,-1340.472818890637
stanfordcars,resnet18,0.6828571304635248,196,gbc_score,-1577.5640739917926
stanfordcars,resnet34,0.7015844780125411,196,gbc_score,-1018.6209911495316
stanfordcars,resnet50,0.6840747116540279,196,gbc_score,-769.1635011609284
stanfordcars,vit_small_patch16_224,0.7896935435587035,196,gbc_score,-651.0377883807341
stanfordcars,densenet121,0.7406016547474712,196,pactran_score,-1.472231897894085
stanfordcars,densenet161,0.8046838576698639,196,pactran_score,-1.289375927927457
stanfordcars,densenet169,0.786676674214534,196,pactran_score,-1.3549083023105115
stanfordcars,efficientnet_b0,0.7527618989500439,196,pactran_score,-1.569365432489974
stanfordcars,mobilenetv2_050,0.437272996655256,196,pactran_score,-5.11185317620693
stanfordcars,mobilenetv2_100,0.7278765181351872,196,pactran_score,-1.6041049716535376
stanfordcars,resnet18,0.6828571304635248,196,pactran_score,-1.7848643064822127
stanfordcars,resnet34,0.7015844780125411,196,pactran_score,-1.791220939743183
stanfordcars,resnet50,0.6840747116540279,196,pactran_score,-2.434789732708485
stanfordcars,vit_small_patch16_224,0.7896935435587035,196,pactran_score,-1.5734266135060229
stanfordcars,densenet121,0.7406016547474712,196,etran_energy_score,1.423700084477606
stanfordcars,densenet161,0.8046838576698639,196,etran_energy_score,1.7426851608758593
stanfordcars,densenet169,0.786676674214534,196,etran_energy_score,1.5368550076698009
stanfordcars,efficientnet_b0,0.7527618989500439,196,etran_energy_score,0.822713854290531
stanfordcars,mobilenetv2_050,0.437272996655256,196,etran_energy_score,0.0461037637192193
stanfordcars,mobilenetv2_100,0.7278765181351872,196,etran_energy_score,0.8667584698255654
stanfordcars,resnet18,0.6828571304635248,196,etran_energy_score,0.6990134303296852
stanfordcars,resnet34,0.7015844780125411,196,etran_energy_score,0.8868669322635147
stanfordcars,resnet50,0.6840747116540279,196,etran_energy_score,0.5382094560681572
stanfordcars,vit_small_patch16_224,0.7896935435587035,196,etran_energy_score,1.8332395922603264
stanfordcars,densenet121,0.7406016547474712,196,ncti_score,1.0816400667498827
stanfordcars,densenet161,0.8046838576698639,196,ncti_score,1.6861740828774225
stanfordcars,densenet169,0.786676674214534,196,ncti_score,1.2437890700019496
stanfordcars,efficientnet_b0,0.7527618989500439,196,ncti_score,1.0947213632780575
stanfordcars,mobilenetv2_050,0.437272996655256,196,ncti_score,-0.8249851007831295
stanfordcars,mobilenetv2_100,0.7278765181351872,196,ncti_score,1.2444687065621571
stanfordcars,resnet18,0.6828571304635248,196,ncti_score,0.8490715468089751
stanfordcars,resnet34,0.7015844780125411,196,ncti_score,0.2845820638681219
stanfordcars,resnet50,0.6840747116540279,196,ncti_score,0.47010243926774686
stanfordcars,vit_small_patch16_224,0.7896935435587035,196,ncti_score,1.4485333697606864
stanfordcars,densenet121,0.7406016547474712,196,tmi_score,11.279687477652791
stanfordcars,densenet161,0.8046838576698639,196,tmi_score,20.908864978006747
stanfordcars,densenet169,0.786676674214534,196,tmi_score,16.566111378972213
stanfordcars,efficientnet_b0,0.7527618989500439,196,tmi_score,7.096435450998396
stanfordcars,mobilenetv2_050,0.437272996655256,196,tmi_score,4.539819927712752
stanfordcars,mobilenetv2_100,0.7278765181351872,196,tmi_score,8.072304132479928
stanfordcars,resnet18,0.6828571304635248,196,tmi_score,4.12794042797844
stanfordcars,resnet34,0.7015844780125411,196,tmi_score,5.103032606277614
stanfordcars,resnet50,0.6840747116540279,196,tmi_score,7.673109988218
stanfordcars,vit_small_patch16_224,0.7896935435587035,196,tmi_score,4.6739084058809
voc2007,densenet121,0.7514751466188293,20,imagenet,74.434
voc2007,densenet161,0.7688094865635919,20,imagenet,77.138
voc2007,densenet169,0.7616642285292048,20,imagenet,75.6
voc2007,efficientnet_b0,0.7380492948126209,20,imagenet,77.692
voc2007,mobilenetv2_050,0.6371678224743836,20,imagenet,65.95
voc2007,mobilenetv2_100,0.7254279118088733,20,imagenet,72.976
voc2007,resnet18,0.710734045583304,20,imagenet,69.758
voc2007,resnet34,0.731867486891484,20,imagenet,73.314
voc2007,resnet50,0.7792620193279538,20,imagenet,76.13
voc2007,vit_small_patch16_224,0.8150206970442622,20,imagenet,78.846
voc2007,densenet121,0.7514751466188293,20,hscore_score,14.38595020892178
voc2007,densenet161,0.7688094865635919,20,hscore_score,14.754737108031469
voc2007,densenet169,0.7616642285292048,20,hscore_score,16.249430224937697
voc2007,efficientnet_b0,0.7380492948126209,20,hscore_score,15.191810900494284
voc2007,mobilenetv2_050,0.6371678224743836,20,hscore_score,14.1408542797368
voc2007,mobilenetv2_100,0.7254279118088733,20,hscore_score,14.845407614267504
voc2007,resnet18,0.710734045583304,20,hscore_score,11.009325523836
voc2007,resnet34,0.731867486891484,20,hscore_score,12.409501362757885
voc2007,resnet50,0.7792620193279538,20,hscore_score,17.890405172407906
voc2007,vit_small_patch16_224,0.8150206970442622,20,hscore_score,13.329027513042092
voc2007,densenet121,0.7514751466188293,20,nce_score,-0.5427268560035615
voc2007,densenet161,0.7688094865635919,20,nce_score,-0.5730188943384
voc2007,densenet169,0.7616642285292048,20,nce_score,-0.5672142730066441
voc2007,efficientnet_b0,0.7380492948126209,20,nce_score,-0.5390401803941205
voc2007,mobilenetv2_050,0.6371678224743836,20,nce_score,-0.6558036838172508
voc2007,mobilenetv2_100,0.7254279118088733,20,nce_score,-0.5805200167159623
voc2007,resnet18,0.710734045583304,20,nce_score,-0.6114524283248552
voc2007,resnet34,0.731867486891484,20,nce_score,-0.5681337398340522
voc2007,resnet50,0.7792620193279538,20,nce_score,-0.5553243498286328
voc2007,vit_small_patch16_224,0.8150206970442622,20,nce_score,-0.5439543398235568
voc2007,densenet121,0.7514751466188293,20,leep_score,-1.0311658868701723
voc2007,densenet161,0.7688094865635919,20,leep_score,-0.7678437618392698
voc2007,densenet169,0.7616642285292048,20,leep_score,-0.7810707913346192
voc2007,efficientnet_b0,0.7380492948126209,20,leep_score,-0.9720437596206266
voc2007,mobilenetv2_050,0.6371678224743836,20,leep_score,-1.2996511672440358
voc2007,mobilenetv2_100,0.7254279118088733,20,leep_score,-1.0937995649337098
voc2007,resnet18,0.710734045583304,20,leep_score,-0.90655269358592
voc2007,resnet34,0.731867486891484,20,leep_score,-1.024821261884027
voc2007,resnet50,0.7792620193279538,20,leep_score,-0.764388613589135
voc2007,vit_small_patch16_224,0.8150206970442622,20,leep_score,-0.7596827445698843
voc2007,densenet121,0.7514751466188293,20,nleep_score,-0.7540128357357369
voc2007,densenet161,0.7688094865635919,20,nleep_score,-0.7521396662549127
voc2007,densenet169,0.7616642285292048,20,nleep_score,-0.7848563298534987
voc2007,efficientnet_b0,0.7380492948126209,20,nleep_score,-0.8151626785725322
voc2007,mobilenetv2_050,0.6371678224743836,20,nleep_score,-1.095992516180296
voc2007,mobilenetv2_100,0.7254279118088733,20,nleep_score,-0.8889822756263921
voc2007,resnet18,0.710734045583304,20,nleep_score,-0.8870010793963412
voc2007,resnet34,0.731867486891484,20,nleep_score,-0.7620260744625235
voc2007,resnet50,0.7792620193279538,20,nleep_score,-0.7819238465515884
voc2007,vit_small_patch16_224,0.8150206970442622,20,nleep_score,-0.6760009515366564
voc2007,densenet121,0.7514751466188293,20,parc_score,21.760225707715662
voc2007,densenet161,0.7688094865635919,20,parc_score,20.23401992919813
voc2007,densenet169,0.7616642285292048,20,parc_score,20.28074739764138
voc2007,efficientnet_b0,0.7380492948126209,20,parc_score,18.97331360670822
voc2007,mobilenetv2_050,0.6371678224743836,20,parc_score,16.727895839083537
voc2007,mobilenetv2_100,0.7254279118088733,20,parc_score,19.216581659353498
voc2007,resnet18,0.710734045583304,20,parc_score,19.584879050338177
voc2007,resnet34,0.731867486891484,20,parc_score,21.470995645520382
voc2007,resnet50,0.7792620193279538,20,parc_score,22.01449652970233
voc2007,vit_small_patch16_224,0.8150206970442622,20,parc_score,21.733295856418188
voc2007,densenet121,0.7514751466188293,20,reg_hscore_score,13.4626786424742
voc2007,densenet161,0.7688094865635919,20,reg_hscore_score,13.087253365341745
voc2007,densenet169,0.7616642285292048,20,reg_hscore_score,12.710212674018011
voc2007,efficientnet_b0,0.7380492948126209,20,reg_hscore_score,14.0493139081975
voc2007,mobilenetv2_050,0.6371678224743836,20,reg_hscore_score,12.80334931446408
voc2007,mobilenetv2_100,0.7254279118088733,20,reg_hscore_score,13.606400280821342
voc2007,resnet18,0.710734045583304,20,reg_hscore_score,10.497679850767897
voc2007,resnet34,0.731867486891484,20,reg_hscore_score,12.083509495100769
voc2007,resnet50,0.7792620193279538,20,reg_hscore_score,16.385270416687487
voc2007,vit_small_patch16_224,0.8150206970442622,20,reg_hscore_score,12.3039137734778
voc2007,densenet121,0.7514751466188293,20,sfda_score,0.8675203027616225
voc2007,densenet161,0.7688094865635919,20,sfda_score,0.8588099810344867
voc2007,densenet169,0.7616642285292048,20,sfda_score,0.9635026605984094
voc2007,efficientnet_b0,0.7380492948126209,20,sfda_score,0.9236848395279472
voc2007,mobilenetv2_050,0.6371678224743836,20,sfda_score,0.621156368617672
voc2007,mobilenetv2_100,0.7254279118088733,20,sfda_score,0.9229938496887063
voc2007,resnet18,0.710734045583304,20,sfda_score,0.7348611764289279
voc2007,resnet34,0.731867486891484,20,sfda_score,0.7701712768042362
voc2007,resnet50,0.7792620193279538,20,sfda_score,0.9977728537236128
voc2007,vit_small_patch16_224,0.8150206970442622,20,sfda_score,0.7845026121412358
voc2007,densenet121,0.7514751466188293,20,logme_score,0.5624635820800957
voc2007,densenet161,0.7688094865635919,20,logme_score,0.5191042361668717
voc2007,densenet169,0.7616642285292048,20,logme_score,0.5101943660168162
voc2007,efficientnet_b0,0.7380492948126209,20,logme_score,0.5248751428151079
voc2007,mobilenetv2_050,0.6371678224743836,20,logme_score,0.4145622744401363
voc2007,mobilenetv2_100,0.7254279118088733,20,logme_score,0.49667247518249213
voc2007,resnet18,0.710734045583304,20,logme_score,0.4495082037374653
voc2007,resnet34,0.731867486891484,20,logme_score,0.5430740961277418
voc2007,resnet50,0.7792620193279538,20,logme_score,0.6298497444202159
voc2007,vit_small_patch16_224,0.8150206970442622,20,logme_score,0.5953483211130528
voc2007,densenet121,0.7514751466188293,20,gbc_score,-1.95458592790267
voc2007,densenet161,0.7688094865635919,20,gbc_score,-2.766738183344789
voc2007,densenet169,0.7616642285292048,20,gbc_score,-2.639787114676604
voc2007,efficientnet_b0,0.7380492948126209,20,gbc_score,-5.044850847860675
voc2007,mobilenetv2_050,0.6371678224743836,20,gbc_score,-10.304865488625934
voc2007,mobilenetv2_100,0.7254279118088733,20,gbc_score,-5.0996645442269095
voc2007,resnet18,0.710734045583304,20,gbc_score,-3.966073591128357
voc2007,resnet34,0.731867486891484,20,gbc_score,-3.35663304039998
voc2007,resnet50,0.7792620193279538,20,gbc_score,-2.381808912999499
voc2007,vit_small_patch16_224,0.8150206970442622,20,gbc_score,-1.5340219809964863
voc2007,densenet121,0.7514751466188293,20,pactran_score,-0.36981099859885536
voc2007,densenet161,0.7688094865635919,20,pactran_score,-0.33902992603976423
voc2007,densenet169,0.7616642285292048,20,pactran_score,-0.3536765512861528
voc2007,efficientnet_b0,0.7380492948126209,20,pactran_score,-0.3829677146970092
voc2007,mobilenetv2_050,0.6371678224743836,20,pactran_score,-1.4857644258216585
voc2007,mobilenetv2_100,0.7254279118088733,20,pactran_score,-0.3971889916096889
voc2007,resnet18,0.710734045583304,20,pactran_score,-0.46849700137454425
voc2007,resnet34,0.731867486891484,20,pactran_score,-0.4309100564497412
voc2007,resnet50,0.7792620193279538,20,pactran_score,-0.4853988294490384
voc2007,vit_small_patch16_224,0.8150206970442622,20,pactran_score,-0.40853521259494047
voc2007,densenet121,0.7514751466188293,20,etran_energy_score,1.6876364593333415
voc2007,densenet161,0.7688094865635919,20,etran_energy_score,1.723516511286154
voc2007,densenet169,0.7616642285292048,20,etran_energy_score,1.5745338327241112
voc2007,efficientnet_b0,0.7380492948126209,20,etran_energy_score,0.9592300469955946
voc2007,mobilenetv2_050,0.6371678224743836,20,etran_energy_score,0.01968071624299733
voc2007,mobilenetv2_100,0.7254279118088733,20,etran_energy_score,1.0695295819457582
voc2007,resnet18,0.710734045583304,20,etran_energy_score,0.9231401414320045
voc2007,resnet34,0.731867486891484,20,etran_energy_score,1.162660440321861
voc2007,resnet50,0.7792620193279538,20,etran_energy_score,1.247099181738688
voc2007,vit_small_patch16_224,0.8150206970442622,20,etran_energy_score,2.0
voc2007,densenet121,0.7514751466188293,20,ncti_score,1.1124813554930681
voc2007,densenet161,0.7688094865635919,20,ncti_score,1.0703604325645248
voc2007,densenet169,0.7616642285292048,20,ncti_score,1.0585983331587896
voc2007,efficientnet_b0,0.7380492948126209,20,ncti_score,0.7888539896366981
voc2007,mobilenetv2_050,0.6371678224743836,20,ncti_score,-1.0
voc2007,mobilenetv2_100,0.7254279118088733,20,ncti_score,0.4592553768003903
voc2007,resnet18,0.710734045583304,20,ncti_score,0.47487361329761585
voc2007,resnet34,0.731867486891484,20,ncti_score,0.9628070694209522
voc2007,resnet50,0.7792620193279538,20,ncti_score,1.6780834133663725
voc2007,vit_small_patch16_224,0.8150206970442622,20,ncti_score,1.887610637652792
voc2007,densenet121,0.7514751466188293,20,tmi_score,129.11450007584827
voc2007,densenet161,0.7688094865635919,20,tmi_score,231.36537833092348
voc2007,densenet169,0.7616642285292048,20,tmi_score,180.4296444544983
voc2007,efficientnet_b0,0.7380492948126209,20,tmi_score,90.31083592073853
voc2007,mobilenetv2_050,0.6371678224743836,20,tmi_score,44.5659558786715
voc2007,mobilenetv2_100,0.7254279118088733,20,tmi_score,92.9583371922408
voc2007,resnet18,0.710734045583304,20,tmi_score,48.86104623085136
voc2007,resnet34,0.731867486891484,20,tmi_score,60.33728552352877
voc2007,resnet50,0.7792620193279538,20,tmi_score,95.00779162595288
voc2007,vit_small_patch16_224,0.8150206970442622,20,tmi_score,51.78045994464461
brain_tumor_kaggle,densenet121,0.7614071680376029,4,imagenet,74.434
brain_tumor_kaggle,densenet161,0.7662720329024677,4,imagenet,77.138
brain_tumor_kaggle,densenet169,0.7694594594594595,4,imagenet,75.6
brain_tumor_kaggle,efficientnet_b0,0.7525675675675676,4,imagenet,77.692
brain_tumor_kaggle,mobilenetv2_050,0.6845565441217615,4,imagenet,65.95
brain_tumor_kaggle,mobilenetv2_100,0.7517890716803761,4,imagenet,72.976
brain_tumor_kaggle,resnet18,0.7461368977673326,4,imagenet,69.758
brain_tumor_kaggle,resnet34,0.7820945945945946,4,imagenet,73.314
brain_tumor_kaggle,resnet50,0.7499324324324325,4,imagenet,76.13
brain_tumor_kaggle,vit_small_patch16_224,0.7562720329024677,4,imagenet,78.846
brain_tumor_kaggle,densenet121,0.7614071680376029,4,hscore_score,2.608583113170118
brain_tumor_kaggle,densenet161,0.7662720329024677,4,hscore_score,2.698641159009121
brain_tumor_kaggle,densenet169,0.7694594594594595,4,hscore_score,2.858483093602844
brain_tumor_kaggle,efficientnet_b0,0.7525675675675676,4,hscore_score,2.7357149403563543
brain_tumor_kaggle,mobilenetv2_050,0.6845565441217615,4,hscore_score,2.710304442115179
brain_tumor_kaggle,mobilenetv2_100,0.7517890716803761,4,hscore_score,2.691259351830197
brain_tumor_kaggle,resnet18,0.7461368977673326,4,hscore_score,2.282308538310221
brain_tumor_kaggle,resnet34,0.7820945945945946,4,hscore_score,2.260871506119636
brain_tumor_kaggle,resnet50,0.7499324324324325,4,hscore_score,2.9138897337481033
brain_tumor_kaggle,vit_small_patch16_224,0.7562720329024677,4,hscore_score,6.142746016383171
brain_tumor_kaggle,densenet121,0.7614071680376029,4,nce_score,-1.080376604578164
brain_tumor_kaggle,densenet161,0.7662720329024677,4,nce_score,-1.1098208095708288
brain_tumor_kaggle,densenet169,0.7694594594594595,4,nce_score,-1.152572262695036
brain_tumor_kaggle,efficientnet_b0,0.7525675675675676,4,nce_score,-1.1764405675896157
brain_tumor_kaggle,mobilenetv2_050,0.6845565441217615,4,nce_score,-1.0530415451914927
brain_tumor_kaggle,mobilenetv2_100,0.7517890716803761,4,nce_score,-1.0942795145420934
brain_tumor_kaggle,resnet18,0.7461368977673326,4,nce_score,-1.0975800755241674
brain_tumor_kaggle,resnet34,0.7820945945945946,4,nce_score,-1.06608404642675
brain_tumor_kaggle,resnet50,0.7499324324324325,4,nce_score,-1.0806504996141282
brain_tumor_kaggle,vit_small_patch16_224,0.7562720329024677,4,nce_score,-1.2363752960023036
brain_tumor_kaggle,densenet121,0.7614071680376029,4,leep_score,-1.189948200185926
brain_tumor_kaggle,densenet161,0.7662720329024677,4,leep_score,-1.1467687125448258
brain_tumor_kaggle,densenet169,0.7694594594594595,4,leep_score,-1.1616475476176238
brain_tumor_kaggle,efficientnet_b0,0.7525675675675676,4,leep_score,-1.2200848792737262
brain_tumor_kaggle,mobilenetv2_050,0.6845565441217615,4,leep_score,-1.1929856527185
brain_tumor_kaggle,mobilenetv2_100,0.7517890716803761,4,leep_score,-1.2097467083785869
brain_tumor_kaggle,resnet18,0.7461368977673326,4,leep_score,-1.1774832584889268
brain_tumor_kaggle,resnet34,0.7820945945945946,4,leep_score,-1.1988035120719869
brain_tumor_kaggle,resnet50,0.7499324324324325,4,leep_score,-1.1463768000810364
brain_tumor_kaggle,vit_small_patch16_224,0.7562720329024677,4,leep_score,-1.2568565165149348
brain_tumor_kaggle,densenet121,0.7614071680376029,4,nleep_score,-0.7727522165726868
brain_tumor_kaggle,densenet161,0.7662720329024677,4,nleep_score,-0.6551142299453985
brain_tumor_kaggle,densenet169,0.7694594594594595,4,nleep_score,-0.7241343213170097
brain_tumor_kaggle,efficientnet_b0,0.7525675675675676,4,nleep_score,-0.767158463404778
brain_tumor_kaggle,mobilenetv2_050,0.6845565441217615,4,nleep_score,-0.697158174645888
brain_tumor_kaggle,mobilenetv2_100,0.7517890716803761,4,nleep_score,-0.6446744045499827
brain_tumor_kaggle,resnet18,0.7461368977673326,4,nleep_score,-0.7210323183609048
brain_tumor_kaggle,resnet34,0.7820945945945946,4,nleep_score,-0.7884724411251033
brain_tumor_kaggle,resnet50,0.7499324324324325,4,nleep_score,-0.7554479990506189
brain_tumor_kaggle,vit_small_patch16_224,0.7562720329024677,4,nleep_score,-0.6774339777325084
brain_tumor_kaggle,densenet121,0.7614071680376029,4,parc_score,13.654157297182593
brain_tumor_kaggle,densenet161,0.7662720329024677,4,parc_score,11.60138787713413
brain_tumor_kaggle,densenet169,0.7694594594594595,4,parc_score,13.27857957325724
brain_tumor_kaggle,efficientnet_b0,0.7525675675675676,4,parc_score,13.864203357855562
brain_tumor_kaggle,mobilenetv2_050,0.6845565441217615,4,parc_score,13.753359125870034
brain_tumor_kaggle,mobilenetv2_100,0.7517890716803761,4,parc_score,14.67491283868824
brain_tumor_kaggle,resnet18,0.7461368977673326,4,parc_score,13.570812788425304
brain_tumor_kaggle,resnet34,0.7820945945945946,4,parc_score,11.415486609956451
brain_tumor_kaggle,resnet50,0.7499324324324325,4,parc_score,12.916097458166403
brain_tumor_kaggle,vit_small_patch16_224,0.7562720329024677,4,parc_score,14.815241980673076
brain_tumor_kaggle,densenet121,0.7614071680376029,4,reg_hscore_score,2.4621453271835554
brain_tumor_kaggle,densenet161,0.7662720329024677,4,reg_hscore_score,2.5216595547493026
brain_tumor_kaggle,densenet169,0.7694594594594595,4,reg_hscore_score,2.4595202794785576
brain_tumor_kaggle,efficientnet_b0,0.7525675675675676,4,reg_hscore_score,2.629339958850726
brain_tumor_kaggle,mobilenetv2_050,0.6845565441217615,4,reg_hscore_score,2.5799275595056184
brain_tumor_kaggle,mobilenetv2_100,0.7517890716803761,4,reg_hscore_score,2.5528017468492914
brain_tumor_kaggle,resnet18,0.7461368977673326,4,reg_hscore_score,2.219811575646305
brain_tumor_kaggle,resnet34,0.7820945945945946,4,reg_hscore_score,2.2069806331340622
brain_tumor_kaggle,resnet50,0.7499324324324325,4,reg_hscore_score,2.665818256262988
brain_tumor_kaggle,vit_small_patch16_224,0.7562720329024677,4,reg_hscore_score,2.2715983946740677
brain_tumor_kaggle,densenet121,0.7614071680376029,4,sfda_score,0.9281592647238128
brain_tumor_kaggle,densenet161,0.7662720329024677,4,sfda_score,0.9311523117856784
brain_tumor_kaggle,densenet169,0.7694594594594595,4,sfda_score,0.9915942543719424
brain_tumor_kaggle,efficientnet_b0,0.7525675675675676,4,sfda_score,0.968502106965879
brain_tumor_kaggle,mobilenetv2_050,0.6845565441217615,4,sfda_score,0.788923015012607
brain_tumor_kaggle,mobilenetv2_100,0.7517890716803761,4,sfda_score,0.9571309764415544
brain_tumor_kaggle,resnet18,0.7461368977673326,4,sfda_score,0.8001920930988481
brain_tumor_kaggle,resnet34,0.7820945945945946,4,sfda_score,0.7929619134967596
brain_tumor_kaggle,resnet50,0.7499324324324325,4,sfda_score,0.9990657418991048
brain_tumor_kaggle,vit_small_patch16_224,0.7562720329024677,4,sfda_score,0.8075827874665286
brain_tumor_kaggle,densenet121,0.7614071680376029,4,logme_score,-0.04758732474976574
brain_tumor_kaggle,densenet161,0.7662720329024677,4,logme_score,-0.01219935386339848
brain_tumor_kaggle,densenet169,0.7694594594594595,4,logme_score,-0.02325662474244155
brain_tumor_kaggle,efficientnet_b0,0.7525675675675676,4,logme_score,0.02256872794926376
brain_tumor_kaggle,mobilenetv2_050,0.6845565441217615,4,logme_score,-0.0026595303904784102
brain_tumor_kaggle,mobilenetv2_100,0.7517890716803761,4,logme_score,-0.010716639665617478
brain_tumor_kaggle,resnet18,0.7461368977673326,4,logme_score,-0.09615833820125395
brain_tumor_kaggle,resnet34,0.7820945945945946,4,logme_score,-0.11173651154032135
brain_tumor_kaggle,resnet50,0.7499324324324325,4,logme_score,-0.052099641310468486
brain_tumor_kaggle,vit_small_patch16_224,0.7562720329024677,4,logme_score,-0.030894637331503168
brain_tumor_kaggle,densenet121,0.7614071680376029,4,gbc_score,-1.6815170007568343
brain_tumor_kaggle,densenet161,0.7662720329024677,4,gbc_score,-1.5255288829766729
brain_tumor_kaggle,densenet169,0.7694594594594595,4,gbc_score,-1.5197574626576331
brain_tumor_kaggle,efficientnet_b0,0.7525675675675676,4,gbc_score,-1.725194565955556
brain_tumor_kaggle,mobilenetv2_050,0.6845565441217615,4,gbc_score,-1.633710171223644
brain_tumor_kaggle,mobilenetv2_100,0.7517890716803761,4,gbc_score,-1.1895356420705483
brain_tumor_kaggle,resnet18,0.7461368977673326,4,gbc_score,-1.6099084494022442
brain_tumor_kaggle,resnet34,0.7820945945945946,4,gbc_score,-2.123867936100851
brain_tumor_kaggle,resnet50,0.7499324324324325,4,gbc_score,-1.6656458184785832
brain_tumor_kaggle,vit_small_patch16_224,0.7562720329024677,4,gbc_score,-1.311688386336413
brain_tumor_kaggle,densenet121,0.7614071680376029,4,pactran_score,-0.11670585147725886
brain_tumor_kaggle,densenet161,0.7662720329024677,4,pactran_score,-0.10411146081842802
brain_tumor_kaggle,densenet169,0.7694594594594595,4,pactran_score,-0.10981463319006628
brain_tumor_kaggle,efficientnet_b0,0.7525675675675676,4,pactran_score,-0.12661976832550126
brain_tumor_kaggle,mobilenetv2_050,0.6845565441217615,4,pactran_score,-0.5400051605959939
brain_tumor_kaggle,mobilenetv2_100,0.7517890716803761,4,pactran_score,-0.1335112701439733
brain_tumor_kaggle,resnet18,0.7461368977673326,4,pactran_score,-0.1721065652142308
brain_tumor_kaggle,resnet34,0.7820945945945946,4,pactran_score,-0.15655530419566
brain_tumor_kaggle,resnet50,0.7499324324324325,4,pactran_score,-0.251253262799611
brain_tumor_kaggle,vit_small_patch16_224,0.7562720329024677,4,pactran_score,-0.11891585750750276
brain_tumor_kaggle,densenet121,0.7614071680376029,4,etran_energy_score,1.8822861592965228
brain_tumor_kaggle,densenet161,0.7662720329024677,4,etran_energy_score,1.6611655402254986
brain_tumor_kaggle,densenet169,0.7694594594594595,4,etran_energy_score,1.6497953959521237
brain_tumor_kaggle,efficientnet_b0,0.7525675675675676,4,etran_energy_score,0.9322065553592745
brain_tumor_kaggle,mobilenetv2_050,0.6845565441217615,4,etran_energy_score,0.0
brain_tumor_kaggle,mobilenetv2_100,0.7517890716803761,4,etran_energy_score,1.1153276619428116
brain_tumor_kaggle,resnet18,0.7461368977673326,4,etran_energy_score,1.0307295752220054
brain_tumor_kaggle,resnet34,0.7820945945945946,4,etran_energy_score,1.4067185958028692
brain_tumor_kaggle,resnet50,0.7499324324324325,4,etran_energy_score,0.8139430265811882
brain_tumor_kaggle,vit_small_patch16_224,0.7562720329024677,4,etran_energy_score,1.6583809062987205
brain_tumor_kaggle,densenet121,0.7614071680376029,4,ncti_score,0.2545775578625685
brain_tumor_kaggle,densenet161,0.7662720329024677,4,ncti_score,1.5750687814336186
brain_tumor_kaggle,densenet169,0.7694594594594595,4,ncti_score,0.898047071762186
brain_tumor_kaggle,efficientnet_b0,0.7525675675675676,4,ncti_score,1.5476566001888534
brain_tumor_kaggle,mobilenetv2_050,0.6845565441217615,4,ncti_score,-0.3617060850256328
brain_tumor_kaggle,mobilenetv2_100,0.7517890716803761,4,ncti_score,1.363772113527669
brain_tumor_kaggle,resnet18,0.7461368977673326,4,ncti_score,-0.7698125691619119
brain_tumor_kaggle,resnet34,0.7820945945945946,4,ncti_score,-0.5764349835161803
brain_tumor_kaggle,resnet50,0.7499324324324325,4,ncti_score,-0.013055977215179926
brain_tumor_kaggle,vit_small_patch16_224,0.7562720329024677,4,ncti_score,1.266452039237996
brain_tumor_kaggle,densenet121,0.7614071680376029,4,tmi_score,527.5722532600123
brain_tumor_kaggle,densenet161,0.7662720329024677,4,tmi_score,976.1053791347877
brain_tumor_kaggle,densenet169,0.7694594594594595,4,tmi_score,769.8405375317775
brain_tumor_kaggle,efficientnet_b0,0.7525675675675676,4,tmi_score,348.95406472153184
brain_tumor_kaggle,mobilenetv2_050,0.6845565441217615,4,tmi_score,223.18910986740136
brain_tumor_kaggle,mobilenetv2_100,0.7517890716803761,4,tmi_score,362.8367877570354
brain_tumor_kaggle,resnet18,0.7461368977673326,4,tmi_score,182.7555628337985
brain_tumor_kaggle,resnet34,0.7820945945945946,4,tmi_score,251.4160020979013
brain_tumor_kaggle,resnet50,0.7499324324324325,4,tmi_score,358.0516351728023
brain_tumor_kaggle,vit_small_patch16_224,0.7562720329024677,4,tmi_score,190.6890954395654
breakhis,densenet121,0.98472168599793,2,imagenet,74.434
breakhis,densenet161,0.9880595689300466,2,imagenet,77.138
breakhis,densenet169,0.9894933269530196,2,imagenet,75.6
breakhis,efficientnet_b0,0.9861327866564435,2,imagenet,77.692
breakhis,mobilenetv2_050,0.9563582908734324,2,imagenet,65.95
breakhis,mobilenetv2_100,0.9804204119290116,2,imagenet,72.976
breakhis,resnet18,0.9818994846809028,2,imagenet,69.758
breakhis,resnet34,0.990456718089821,2,imagenet,73.314
breakhis,resnet50,0.97369933133586,2,imagenet,76.13
breakhis,vit_small_patch16_224,0.9909270849759922,2,imagenet,78.846
breakhis,densenet121,0.98472168599793,2,hscore_score,0.7473514194652229
breakhis,densenet161,0.9880595689300466,2,hscore_score,0.7895651242280504
breakhis,densenet169,0.9894933269530196,2,hscore_score,0.8451748999026734
breakhis,efficientnet_b0,0.9861327866564435,2,hscore_score,0.763559753452008
breakhis,mobilenetv2_050,0.9563582908734324,2,hscore_score,0.7354248631223235
breakhis,mobilenetv2_100,0.9804204119290116,2,hscore_score,0.7492072545670422
breakhis,resnet18,0.9818994846809028,2,hscore_score,0.6430790418957609
breakhis,resnet34,0.990456718089821,2,hscore_score,0.6463096586414274
breakhis,resnet50,0.97369933133586,2,hscore_score,0.8086846929420651
breakhis,vit_small_patch16_224,0.9909270849759922,2,hscore_score,11.849686555564404
breakhis,densenet121,0.98472168599793,2,nce_score,-0.5467949759862009
breakhis,densenet161,0.9880595689300466,2,nce_score,-0.5272239577518403
breakhis,densenet169,0.9894933269530196,2,nce_score,-0.5370888718447684
breakhis,efficientnet_b0,0.9861327866564435,2,nce_score,-0.5604601277326717
breakhis,mobilenetv2_050,0.9563582908734324,2,nce_score,-0.5476065403813432
breakhis,mobilenetv2_100,0.9804204119290116,2,nce_score,-0.535250170957249
breakhis,resnet18,0.9818994846809028,2,nce_score,-0.526831922123848
breakhis,resnet34,0.990456718089821,2,nce_score,-0.5462350616810367
breakhis,resnet50,0.97369933133586,2,nce_score,-0.5423730411203085
breakhis,vit_small_patch16_224,0.9909270849759922,2,nce_score,-0.6153769663567464
breakhis,densenet121,0.98472168599793,2,leep_score,-0.5763257947254753
breakhis,densenet161,0.9880595689300466,2,leep_score,-0.5375188743767176
breakhis,densenet169,0.9894933269530196,2,leep_score,-0.5501578693346668
breakhis,efficientnet_b0,0.9861327866564435,2,leep_score,-0.5879353921098269
breakhis,mobilenetv2_050,0.9563582908734324,2,leep_score,-0.5880670350031028
breakhis,mobilenetv2_100,0.9804204119290116,2,leep_score,-0.5812104738862254
breakhis,resnet18,0.9818994846809028,2,leep_score,-0.5455347054062278
breakhis,resnet34,0.990456718089821,2,leep_score,-0.568585355478407
breakhis,resnet50,0.97369933133586,2,leep_score,-0.5586679775292208
breakhis,vit_small_patch16_224,0.9909270849759922,2,leep_score,-0.614047713686231
breakhis,densenet121,0.98472168599793,2,nleep_score,-0.5589865359223868
breakhis,densenet161,0.9880595689300466,2,nleep_score,-0.5277815652174237
breakhis,densenet169,0.9894933269530196,2,nleep_score,-0.5110359114087516
breakhis,efficientnet_b0,0.9861327866564435,2,nleep_score,-0.5587503392174604
breakhis,mobilenetv2_050,0.9563582908734324,2,nleep_score,-0.5195678276959617
breakhis,mobilenetv2_100,0.9804204119290116,2,nleep_score,-0.514323222987602
breakhis,resnet18,0.9818994846809028,2,nleep_score,-0.4980173071523397
breakhis,resnet34,0.990456718089821,2,nleep_score,-0.4824222397322763
breakhis,resnet50,0.97369933133586,2,nleep_score,-0.5278210785120775
breakhis,vit_small_patch16_224,0.9909270849759922,2,nleep_score,-0.5122066540852084
breakhis,densenet121,0.98472168599793,2,parc_score,6.953764137728455
breakhis,densenet161,0.9880595689300466,2,parc_score,7.425393538285732
breakhis,densenet169,0.9894933269530196,2,parc_score,6.943015471035061
breakhis,efficientnet_b0,0.9861327866564435,2,parc_score,6.708424160358341
breakhis,mobilenetv2_050,0.9563582908734324,2,parc_score,6.004865486289538
breakhis,mobilenetv2_100,0.9804204119290116,2,parc_score,6.1317082170946104
breakhis,resnet18,0.9818994846809028,2,parc_score,7.40317118897265
breakhis,resnet34,0.990456718089821,2,parc_score,7.077783711161992
breakhis,resnet50,0.97369933133586,2,parc_score,5.814245339563421
breakhis,vit_small_patch16_224,0.9909270849759922,2,parc_score,6.629506613957243
breakhis,densenet121,0.98472168599793,2,reg_hscore_score,0.7239452608711252
breakhis,densenet161,0.9880595689300466,2,reg_hscore_score,0.7406123416406936
breakhis,densenet169,0.9894933269530196,2,reg_hscore_score,0.7228418063986375
breakhis,efficientnet_b0,0.9861327866564435,2,reg_hscore_score,0.7468046389772488
breakhis,mobilenetv2_050,0.9563582908734324,2,reg_hscore_score,0.7121581282365503
breakhis,mobilenetv2_100,0.9804204119290116,2,reg_hscore_score,0.728882853778201
breakhis,resnet18,0.9818994846809028,2,reg_hscore_score,0.6364634271629798
breakhis,resnet34,0.990456718089821,2,reg_hscore_score,0.6388558999958531
breakhis,resnet50,0.97369933133586,2,reg_hscore_score,0.7736748915709416
breakhis,vit_small_patch16_224,0.9909270849759922,2,reg_hscore_score,0.6699323342576845
breakhis,densenet121,0.98472168599793,2,sfda_score,0.8217923607950004
breakhis,densenet161,0.9880595689300466,2,sfda_score,0.8392871982913592
breakhis,densenet169,0.9894933269530196,2,sfda_score,0.9092228707362288
breakhis,efficientnet_b0,0.9861327866564435,2,sfda_score,0.834162772649747
breakhis,mobilenetv2_050,0.9563582908734324,2,sfda_score,0.7691019676319497
breakhis,mobilenetv2_100,0.9804204119290116,2,sfda_score,0.8220918782049261
breakhis,resnet18,0.9818994846809028,2,sfda_score,0.7371686355797953
breakhis,resnet34,0.990456718089821,2,sfda_score,0.7411945617136537
breakhis,resnet50,0.97369933133586,2,sfda_score,0.8758106812276721
breakhis,vit_small_patch16_224,0.9909270849759922,2,sfda_score,0.7609948612821236
breakhis,densenet121,0.98472168599793,2,logme_score,-0.1934016075339519
breakhis,densenet161,0.9880595689300466,2,logme_score,-0.1810473966308803
breakhis,densenet169,0.9894933269530196,2,logme_score,-0.1981701551750301
breakhis,efficientnet_b0,0.9861327866564435,2,logme_score,-0.21883545461279005
breakhis,mobilenetv2_050,0.9563582908734324,2,logme_score,-0.2619867854390802
breakhis,mobilenetv2_100,0.9804204119290116,2,logme_score,-0.22727908199943264
breakhis,resnet18,0.9818994846809028,2,logme_score,-0.2625633051870493
breakhis,resnet34,0.990456718089821,2,logme_score,-0.26209589998010757
breakhis,resnet50,0.97369933133586,2,logme_score,-0.19904987701891877
breakhis,vit_small_patch16_224,0.9909270849759922,2,logme_score,-0.20279171093568132
breakhis,densenet121,0.98472168599793,2,gbc_score,-0.871780863795787
breakhis,densenet161,0.9880595689300466,2,gbc_score,-0.6542219309233089
breakhis,densenet169,0.9894933269530196,2,gbc_score,-0.5564590098474109
breakhis,efficientnet_b0,0.9861327866564435,2,gbc_score,-1.0347302004519403
breakhis,mobilenetv2_050,0.9563582908734324,2,gbc_score,-0.7418826865339999
breakhis,mobilenetv2_100,0.9804204119290116,2,gbc_score,-0.779733093623074
breakhis,resnet18,0.9818994846809028,2,gbc_score,-0.5359415002402992
breakhis,resnet34,0.990456718089821,2,gbc_score,-0.6162984786151906
breakhis,resnet50,0.97369933133586,2,gbc_score,-0.7395753935978946
breakhis,vit_small_patch16_224,0.9909270849759922,2,gbc_score,-0.7777409416260682
breakhis,densenet121,0.98472168599793,2,pactran_score,-0.11564517043989105
breakhis,densenet161,0.9880595689300466,2,pactran_score,-0.10941672984303535
breakhis,densenet169,0.9894933269530196,2,pactran_score,-0.11970825596939476
breakhis,efficientnet_b0,0.9861327866564435,2,pactran_score,-0.10219379657374184
breakhis,mobilenetv2_050,0.9563582908734324,2,pactran_score,-0.3313038700388825
breakhis,mobilenetv2_100,0.9804204119290116,2,pactran_score,-0.1229258786118632
breakhis,resnet18,0.9818994846809028,2,pactran_score,-0.20050439606348264
breakhis,resnet34,0.990456718089821,2,pactran_score,-0.19865026076801415
breakhis,resnet50,0.97369933133586,2,pactran_score,-0.17067144919061028
breakhis,vit_small_patch16_224,0.9909270849759922,2,pactran_score,-0.17694037237048896
breakhis,densenet121,0.98472168599793,2,etran_energy_score,1.616662378486736
breakhis,densenet161,0.9880595689300466,2,etran_energy_score,1.5958749782169668
breakhis,densenet169,0.9894933269530196,2,etran_energy_score,1.4287109843026837
breakhis,efficientnet_b0,0.9861327866564435,2,etran_energy_score,1.2385435791678951
breakhis,mobilenetv2_050,0.9563582908734324,2,etran_energy_score,0.2521910259703462
breakhis,mobilenetv2_100,0.9804204119290116,2,etran_energy_score,1.3230298998368835
breakhis,resnet18,0.9818994846809028,2,etran_energy_score,0.9342014611250998
breakhis,resnet34,0.990456718089821,2,etran_energy_score,1.6702736400220135
breakhis,resnet50,0.97369933133586,2,etran_energy_score,1.030965613640117
breakhis,vit_small_patch16_224,0.9909270849759922,2,etran_energy_score,1.955475550160737
breakhis,densenet121,0.98472168599793,2,ncti_score,1.0177008371596932
breakhis,densenet161,0.9880595689300466,2,ncti_score,1.1239723293024317
breakhis,densenet169,0.9894933269530196,2,ncti_score,1.0960485640322195
breakhis,efficientnet_b0,0.9861327866564435,2,ncti_score,0.79893652873786
breakhis,mobilenetv2_050,0.9563582908734324,2,ncti_score,0.0
breakhis,mobilenetv2_100,0.9804204119290116,2,ncti_score,0.6420745432923665
breakhis,resnet18,0.9818994846809028,2,ncti_score,0.6573185653947341
breakhis,resnet34,0.990456718089821,2,ncti_score,0.5292469018112476
breakhis,resnet50,0.97369933133586,2,ncti_score,1.0693368634682994
breakhis,vit_small_patch16_224,0.9909270849759922,2,ncti_score,0.7969458211343303
breakhis,densenet121,0.98472168599793,2,tmi_score,1069.1321392065704
breakhis,densenet161,0.9880595689300466,2,tmi_score,2057.159452603623
breakhis,densenet169,0.9894933269530196,2,tmi_score,1553.7406100624694
breakhis,efficientnet_b0,0.9861327866564435,2,tmi_score,789.3324001569918
breakhis,mobilenetv2_050,0.9563582908734324,2,tmi_score,447.1368102967897
breakhis,mobilenetv2_100,0.9804204119290116,2,tmi_score,850.9305552531862
breakhis,resnet18,0.9818994846809028,2,tmi_score,329.82725904949183
breakhis,resnet34,0.990456718089821,2,tmi_score,500.6947763062759
breakhis,resnet50,0.97369933133586,2,tmi_score,722.1316924581448
breakhis,vit_small_patch16_224,0.9909270849759922,2,tmi_score,378.7119230964711
skin_splits,densenet121,0.8696020633214172,2,imagenet,74.434
skin_splits,densenet161,0.8887916517351186,2,imagenet,77.138
skin_splits,densenet169,0.8821900866175455,2,imagenet,75.6
skin_splits,efficientnet_b0,0.8797737251371518,2,imagenet,77.692
skin_splits,mobilenetv2_050,0.766613714299033,2,imagenet,65.95
skin_splits,mobilenetv2_100,0.8627503037295365,2,imagenet,72.976
skin_splits,resnet18,0.877213146754537,2,imagenet,69.758
skin_splits,resnet34,0.8713709054782028,2,imagenet,73.314
skin_splits,resnet50,0.837430040235059,2,imagenet,76.13
skin_splits,vit_small_patch16_224,0.8873964624613601,2,imagenet,78.846
skin_splits,densenet121,0.8696020633214172,2,hscore_score,0.381623071318564
skin_splits,densenet161,0.8887916517351186,2,hscore_score,0.42097432085538394
skin_splits,densenet169,0.8821900866175455,2,hscore_score,0.46525653254023824
skin_splits,efficientnet_b0,0.8797737251371518,2,hscore_score,0.4122511561490528
skin_splits,mobilenetv2_050,0.766613714299033,2,hscore_score,0.39809652364854464
skin_splits,mobilenetv2_100,0.8627503037295365,2,hscore_score,0.3961466565888855
skin_splits,resnet18,0.877213146754537,2,hscore_score,0.33100791262625145
skin_splits,resnet34,0.8713709054782028,2,hscore_score,0.3090502454569668
skin_splits,resnet50,0.837430040235059,2,hscore_score,0.4434629886175255
skin_splits,vit_small_patch16_224,0.8873964624613601,2,hscore_score,45.45943372696638
skin_splits,densenet121,0.8696020633214172,2,nce_score,-0.4793439406764729
skin_splits,densenet161,0.8887916517351186,2,nce_score,-0.4778189213074763
skin_splits,densenet169,0.8821900866175455,2,nce_score,-0.4728788517120355
skin_splits,efficientnet_b0,0.8797737251371518,2,nce_score,-0.4678638962629847
skin_splits,mobilenetv2_050,0.766613714299033,2,nce_score,-0.4709790852359039
skin_splits,mobilenetv2_100,0.8627503037295365,2,nce_score,-0.4704337262494871
skin_splits,resnet18,0.877213146754537,2,nce_score,-0.4614454242185753
skin_splits,resnet34,0.8713709054782028,2,nce_score,-0.4732734344405678
skin_splits,resnet50,0.837430040235059,2,nce_score,-0.4789999792748998
skin_splits,vit_small_patch16_224,0.8873964624613601,2,nce_score,-0.4900824072693312
skin_splits,densenet121,0.8696020633214172,2,leep_score,-0.4876036527287808
skin_splits,densenet161,0.8887916517351186,2,leep_score,-0.4771665592394176
skin_splits,densenet169,0.8821900866175455,2,leep_score,-0.4765820435322219
skin_splits,efficientnet_b0,0.8797737251371518,2,leep_score,-0.4816206415555304
skin_splits,mobilenetv2_050,0.766613714299033,2,leep_score,-0.48952412400486545
skin_splits,mobilenetv2_100,0.8627503037295365,2,leep_score,-0.48460439612028344
skin_splits,resnet18,0.877213146754537,2,leep_score,-0.4727450670139831
skin_splits,resnet34,0.8713709054782028,2,leep_score,-0.4828672930747856
skin_splits,resnet50,0.837430040235059,2,leep_score,-0.48197965410200894
skin_splits,vit_small_patch16_224,0.8873964624613601,2,leep_score,-0.4901321113293308
skin_splits,densenet121,0.8696020633214172,2,nleep_score,-0.46879523801964373
skin_splits,densenet161,0.8887916517351186,2,nleep_score,-0.4721170004001001
skin_splits,densenet169,0.8821900866175455,2,nleep_score,-0.4774644671223458
skin_splits,efficientnet_b0,0.8797737251371518,2,nleep_score,-0.46386673702301423
skin_splits,mobilenetv2_050,0.766613714299033,2,nleep_score,-0.4672702480969304
skin_splits,mobilenetv2_100,0.8627503037295365,2,nleep_score,-0.4640516149866875
skin_splits,resnet18,0.877213146754537,2,nleep_score,-0.4678784736431735
skin_splits,resnet34,0.8713709054782028,2,nleep_score,-0.46910474998201496
skin_splits,resnet50,0.837430040235059,2,nleep_score,-0.47497129019921475
skin_splits,vit_small_patch16_224,0.8873964624613601,2,nleep_score,-0.46808357563520264
skin_splits,densenet121,0.8696020633214172,2,parc_score,2.2519690499309664
skin_splits,densenet161,0.8887916517351186,2,parc_score,2.5542937109894837
skin_splits,densenet169,0.8821900866175455,2,parc_score,2.508386256690433
skin_splits,efficientnet_b0,0.8797737251371518,2,parc_score,2.493340642192895
skin_splits,mobilenetv2_050,0.766613714299033,2,parc_score,2.825946475898412
skin_splits,mobilenetv2_100,0.8627503037295365,2,parc_score,2.814188714459364
skin_splits,resnet18,0.877213146754537,2,parc_score,3.176166425194353
skin_splits,resnet34,0.8713709054782028,2,parc_score,2.512170633548638
skin_splits,resnet50,0.837430040235059,2,parc_score,2.8841149565587085
skin_splits,vit_small_patch16_224,0.8873964624613601,2,parc_score,3.313645935983548
skin_splits,densenet121,0.8696020633214172,2,reg_hscore_score,0.37073279275090104
skin_splits,densenet161,0.8887916517351186,2,reg_hscore_score,0.3840304552545348
skin_splits,densenet169,0.8821900866175455,2,reg_hscore_score,0.3722678140880573
skin_splits,efficientnet_b0,0.8797737251371518,2,reg_hscore_score,0.4088391128335169
skin_splits,mobilenetv2_050,0.766613714299033,2,reg_hscore_score,0.39199665712981674
skin_splits,mobilenetv2_100,0.8627503037295365,2,reg_hscore_score,0.3909901727317089
skin_splits,resnet18,0.877213146754537,2,reg_hscore_score,0.3297069083320908
skin_splits,resnet34,0.8713709054782028,2,reg_hscore_score,0.3076656204754259
skin_splits,resnet50,0.837430040235059,2,reg_hscore_score,0.4315928156386048
skin_splits,vit_small_patch16_224,0.8873964624613601,2,reg_hscore_score,0.36764023737429385
skin_splits,densenet121,0.8696020633214172,2,sfda_score,0.7223318042188328
skin_splits,densenet161,0.8887916517351186,2,sfda_score,0.726992328357096
skin_splits,densenet169,0.8821900866175455,2,sfda_score,0.7423321520367252
skin_splits,efficientnet_b0,0.8797737251371518,2,sfda_score,0.7338596546103008
skin_splits,mobilenetv2_050,0.766613714299033,2,sfda_score,0.7307166796881504
skin_splits,mobilenetv2_100,0.8627503037295365,2,sfda_score,0.7281714591624384
skin_splits,resnet18,0.877213146754537,2,sfda_score,0.7124010146992855
skin_splits,resnet34,0.8713709054782028,2,sfda_score,0.7086252977284528
skin_splits,resnet50,0.837430040235059,2,sfda_score,0.7406776391409878
skin_splits,vit_small_patch16_224,0.8873964624613601,2,sfda_score,0.7193524420441699
skin_splits,densenet121,0.8696020633214172,2,logme_score,-0.36631291374647423
skin_splits,densenet161,0.8887916517351186,2,logme_score,-0.3526427617942166
skin_splits,densenet169,0.8821900866175455,2,logme_score,-0.3605031860204081
skin_splits,efficientnet_b0,0.8797737251371518,2,logme_score,-0.3533128568716992
skin_splits,mobilenetv2_050,0.766613714299033,2,logme_score,-0.36228551559468736
skin_splits,mobilenetv2_100,0.8627503037295365,2,logme_score,-0.3624943732123488
skin_splits,resnet18,0.877213146754537,2,logme_score,-0.3684323002120602
skin_splits,resnet34,0.8713709054782028,2,logme_score,-0.3889631478646487
skin_splits,resnet50,0.837430040235059,2,logme_score,-0.3622218059230838
skin_splits,vit_small_patch16_224,0.8873964624613601,2,logme_score,-0.33254333033174627
skin_splits,densenet121,0.8696020633214172,2,gbc_score,-1.0542676663851405
skin_splits,densenet161,0.8887916517351186,2,gbc_score,-1.1371853579238766
skin_splits,densenet169,0.8821900866175455,2,gbc_score,-1.1864865151640531
skin_splits,efficientnet_b0,0.8797737251371518,2,gbc_score,-1.031458766963858
skin_splits,mobilenetv2_050,0.766613714299033,2,gbc_score,-1.0338864995236716
skin_splits,mobilenetv2_100,0.8627503037295365,2,gbc_score,-1.0056285417917303
skin_splits,resnet18,0.877213146754537,2,gbc_score,-0.9707303923400938
skin_splits,resnet34,0.8713709054782028,2,gbc_score,-1.0167561379873613
skin_splits,resnet50,0.837430040235059,2,gbc_score,-1.0705470583213388
skin_splits,vit_small_patch16_224,0.8873964624613601,2,gbc_score,-1.0041728646104673
skin_splits,densenet121,0.8696020633214172,2,pactran_score,-0.3192057394804809
skin_splits,densenet161,0.8887916517351186,2,pactran_score,-0.30947636389421795
skin_splits,densenet169,0.8821900866175455,2,pactran_score,-0.3205047856826434
skin_splits,efficientnet_b0,0.8797737251371518,2,pactran_score,-0.2954026277458565
skin_splits,mobilenetv2_050,0.766613714299033,2,pactran_score,-0.362135682876226
skin_splits,mobilenetv2_100,0.8627503037295365,2,pactran_score,-0.30715137371682616
skin_splits,resnet18,0.877213146754537,2,pactran_score,-0.34671547718316803
skin_splits,resnet34,0.8713709054782028,2,pactran_score,-0.36112744756554416
skin_splits,resnet50,0.837430040235059,2,pactran_score,-0.3093480988581446
skin_splits,vit_small_patch16_224,0.8873964624613601,2,pactran_score,-0.3229992521783076
skin_splits,densenet121,0.8696020633214172,2,etran_energy_score,1.2141449603341248
skin_splits,densenet161,0.8887916517351186,2,etran_energy_score,1.8681176782199953
skin_splits,densenet169,0.8821900866175455,2,etran_energy_score,1.4381276513458028
skin_splits,efficientnet_b0,0.8797737251371518,2,etran_energy_score,0.8615643507630599
skin_splits,mobilenetv2_050,0.766613714299033,2,etran_energy_score,0.25273603465769406
skin_splits,mobilenetv2_100,0.8627503037295365,2,etran_energy_score,0.9039548114388316
skin_splits,resnet18,0.877213146754537,2,etran_energy_score,0.9185005067849206
skin_splits,resnet34,0.8713709054782028,2,etran_energy_score,1.2720591845163454
skin_splits,resnet50,0.837430040235059,2,etran_energy_score,1.428716292442127
skin_splits,vit_small_patch16_224,0.8873964624613601,2,etran_energy_score,1.8253235153524616
skin_splits,densenet121,0.8696020633214172,2,ncti_score,0.032312737922908806
skin_splits,densenet161,0.8887916517351186,2,ncti_score,0.3346021811414869
skin_splits,densenet169,0.8821900866175455,2,ncti_score,0.2599103766676292
skin_splits,efficientnet_b0,0.8797737251371518,2,ncti_score,0.35811499486534637
skin_splits,mobilenetv2_050,0.766613714299033,2,ncti_score,0.04855611446398056
skin_splits,mobilenetv2_100,0.8627503037295365,2,ncti_score,0.2359414771461189
skin_splits,resnet18,0.877213146754537,2,ncti_score,0.2739961286518635
skin_splits,resnet34,0.8713709054782028,2,ncti_score,-0.007834096464478121
skin_splits,resnet50,0.837430040235059,2,ncti_score,-0.04629978608082305
skin_splits,vit_small_patch16_224,0.8873964624613601,2,ncti_score,0.6979393935810536
skin_splits,densenet121,0.8696020633214172,2,tmi_score,1076.8482851445376
skin_splits,densenet161,0.8887916517351186,2,tmi_score,2087.3784412918726
skin_splits,densenet169,0.8821900866175455,2,tmi_score,1623.92063607297
skin_splits,efficientnet_b0,0.8797737251371518,2,tmi_score,763.3660105654881
skin_splits,mobilenetv2_050,0.766613714299033,2,tmi_score,447.6966176698842
skin_splits,mobilenetv2_100,0.8627503037295365,2,tmi_score,814.4093212498494
skin_splits,resnet18,0.877213146754537,2,tmi_score,353.90829079501697
skin_splits,resnet34,0.8713709054782028,2,tmi_score,525.6719179237306
skin_splits,resnet50,0.837430040235059,2,tmi_score,727.4624430207466
skin_splits,vit_small_patch16_224,0.8873964624613601,2,tmi_score,404.0269386856755
sun397,densenet121,0.4972795969773301,397,overall_+I_scorer,0.05181867435483346
sun397,densenet161,0.5144584382871537,397,overall_+I_scorer,0.6118414379658265
sun397,densenet169,0.5147103274559194,397,overall_+I_scorer,0.2933077802610518
sun397,efficientnet_b0,0.5225188916876574,397,overall_+I_scorer,0.7265798296228096
sun397,mobilenetv2_050,0.4110327455919396,397,overall_+I_scorer,-1.7052941682766938
sun397,mobilenetv2_100,0.5004030226700252,397,overall_+I_scorer,-0.25014626253304545
sun397,resnet18,0.4750125944584382,397,overall_+I_scorer,-0.9166230573925768
sun397,resnet34,0.4847355163727961,397,overall_+I_scorer,-0.18014341708167284
sun397,resnet50,0.5622166246851386,397,overall_+I_scorer,0.40307555567296977
sun397,vit_small_patch16_224,0.666095717884131,397,overall_+I_scorer,0.9655836274064968
sun397,densenet121,0.4972795969773301,397,per_scorer_+I_scorer,0.18873503482602638
sun397,densenet161,0.5144584382871537,397,per_scorer_+I_scorer,0.4517734375574622
sun397,densenet169,0.5147103274559194,397,per_scorer_+I_scorer,0.2822329469456047
sun397,efficientnet_b0,0.5225188916876574,397,per_scorer_+I_scorer,0.17558715462679172
sun397,mobilenetv2_050,0.4110327455919396,397,per_scorer_+I_scorer,-1.6914924417918626
sun397,mobilenetv2_100,0.5004030226700252,397,per_scorer_+I_scorer,-0.11443893816786005
sun397,resnet18,0.4750125944584382,397,per_scorer_+I_scorer,-0.47907510146830073
sun397,resnet34,0.4847355163727961,397,per_scorer_+I_scorer,-0.050924533723639635
sun397,resnet50,0.5622166246851386,397,per_scorer_+I_scorer,0.13010712387707404
sun397,vit_small_patch16_224,0.666095717884131,397,per_scorer_+I_scorer,1.1074953173186937
sun397,densenet121,0.4972795969773301,397,per_scorer_+I_dataset_scorer,0.18873503482602638
sun397,densenet161,0.5144584382871537,397,per_scorer_+I_dataset_scorer,0.4517734375574623
sun397,densenet169,0.5147103274559194,397,per_scorer_+I_dataset_scorer,0.28223294694560475
sun397,efficientnet_b0,0.5225188916876574,397,per_scorer_+I_dataset_scorer,0.1755871546267918
sun397,mobilenetv2_050,0.4110327455919396,397,per_scorer_+I_dataset_scorer,-1.6914924417918626
sun397,mobilenetv2_100,0.5004030226700252,397,per_scorer_+I_dataset_scorer,-0.11443893816786013
sun397,resnet18,0.4750125944584382,397,per_scorer_+I_dataset_scorer,-0.4790751014683009
sun397,resnet34,0.4847355163727961,397,per_scorer_+I_dataset_scorer,-0.050924533723639656
sun397,resnet50,0.5622166246851386,397,per_scorer_+I_dataset_scorer,0.13010712387707402
sun397,vit_small_patch16_224,0.666095717884131,397,per_scorer_+I_dataset_scorer,1.1074953173186943
sun397,densenet121,0.4972795969773301,397,svm_+I_scorer,0.18182340406466557
sun397,densenet161,0.5144584382871537,397,svm_+I_scorer,0.2621872570061913
sun397,densenet169,0.5147103274559194,397,svm_+I_scorer,0.21527813568688126
sun397,efficientnet_b0,0.5225188916876574,397,svm_+I_scorer,0.16366793490885306
sun397,mobilenetv2_050,0.4110327455919396,397,svm_+I_scorer,0.04159384155576021
sun397,mobilenetv2_100,0.5004030226700252,397,svm_+I_scorer,0.07091608826828533
sun397,resnet18,0.4750125944584382,397,svm_+I_scorer,0.019480796103766435
sun397,resnet34,0.4847355163727961,397,svm_+I_scorer,0.09999202089750515
sun397,resnet50,0.5622166246851386,397,svm_+I_scorer,0.16475134981793502
sun397,vit_small_patch16_224,0.666095717884131,397,svm_+I_scorer,0.22577476625791035
sun397,densenet121,0.4972795969773301,397,lsq_+I_scorer,0.2823146126827755
sun397,densenet161,0.5144584382871537,397,lsq_+I_scorer,0.5938010667201511
sun397,densenet169,0.5147103274559194,397,lsq_+I_scorer,0.36818796223020284
sun397,efficientnet_b0,0.5225188916876574,397,lsq_+I_scorer,0.09723818511027259
sun397,mobilenetv2_050,0.4110327455919396,397,lsq_+I_scorer,-2.0230718592113135
sun397,mobilenetv2_100,0.5004030226700252,397,lsq_+I_scorer,-0.19825699228724403
sun397,resnet18,0.4750125944584382,397,lsq_+I_scorer,-0.6740194066412845
sun397,resnet34,0.4847355163727961,397,lsq_+I_scorer,-0.06608188593764353
sun397,resnet50,0.5622166246851386,397,lsq_+I_scorer,0.1123093580530511
sun397,vit_small_patch16_224,0.666095717884131,397,lsq_+I_scorer,1.507578959281023
aircraft,densenet121,0.4713725490196079,100,overall_+I_scorer,0.05102000470094463
aircraft,densenet161,0.5639750445632798,100,overall_+I_scorer,0.6024112625400946
aircraft,densenet169,0.5251693404634581,100,overall_+I_scorer,0.2887870929555471
aircraft,efficientnet_b0,0.5297682709447415,100,overall_+I_scorer,0.715381216993823
aircraft,mobilenetv2_050,0.2754367201426025,100,overall_+I_scorer,-1.6790108501464414
aircraft,mobilenetv2_100,0.4710516934046345,100,overall_+I_scorer,-0.24629081405995676
aircraft,resnet18,0.436969696969697,100,overall_+I_scorer,-0.9024953509410149
aircraft,resnet34,0.4572281639928699,100,overall_+I_scorer,-0.17736690683006448
aircraft,resnet50,0.4186452762923352,100,overall_+I_scorer,0.39686304216218515
aircraft,vit_small_patch16_224,0.565427807486631,100,overall_+I_scorer,0.9507013026248817
aircraft,densenet121,0.4713725490196079,100,per_scorer_+I_scorer,0.3306869441033232
aircraft,densenet161,0.5639750445632798,100,per_scorer_+I_scorer,0.7140614054455514
aircraft,densenet169,0.5251693404634581,100,per_scorer_+I_scorer,0.4509837276085211
aircraft,efficientnet_b0,0.5297682709447415,100,per_scorer_+I_scorer,0.12187154210177456
aircraft,mobilenetv2_050,0.2754367201426025,100,per_scorer_+I_scorer,-1.7552191589482788
aircraft,mobilenetv2_100,0.4710516934046345,100,per_scorer_+I_scorer,-0.027294167197022247
aircraft,resnet18,0.436969696969697,100,per_scorer_+I_scorer,-0.20970136374205428
aircraft,resnet34,0.4572281639928699,100,per_scorer_+I_scorer,-0.1579591130003607
aircraft,resnet50,0.4186452762923352,100,per_scorer_+I_scorer,-0.3359747864422994
aircraft,vit_small_patch16_224,0.565427807486631,100,per_scorer_+I_scorer,0.8685449700708343
aircraft,densenet121,0.4713725490196079,100,per_scorer_+I_dataset_scorer,0.33068694410332333
aircraft,densenet161,0.5639750445632798,100,per_scorer_+I_dataset_scorer,0.7140614054455516
aircraft,densenet169,0.5251693404634581,100,per_scorer_+I_dataset_scorer,0.45098372760852123
aircraft,efficientnet_b0,0.5297682709447415,100,per_scorer_+I_dataset_scorer,0.12187154210177464
aircraft,mobilenetv2_050,0.2754367201426025,100,per_scorer_+I_dataset_scorer,-1.7552191589482788
aircraft,mobilenetv2_100,0.4710516934046345,100,per_scorer_+I_dataset_scorer,-0.02729416719702229
aircraft,resnet18,0.436969696969697,100,per_scorer_+I_dataset_scorer,-0.2097013637420544
aircraft,resnet34,0.4572281639928699,100,per_scorer_+I_dataset_scorer,-0.15795911300036072
aircraft,resnet50,0.4186452762923352,100,per_scorer_+I_dataset_scorer,-0.33597478644229944
aircraft,vit_small_patch16_224,0.565427807486631,100,per_scorer_+I_dataset_scorer,0.8685449700708345
aircraft,densenet121,0.4713725490196079,100,svm_+I_scorer,0.19793223383605163
aircraft,densenet161,0.5639750445632798,100,svm_+I_scorer,0.26877477077980727
aircraft,densenet169,0.5251693404634581,100,svm_+I_scorer,0.23013090086179416
aircraft,efficientnet_b0,0.5297682709447415,100,svm_+I_scorer,0.1313473328264998
aircraft,mobilenetv2_050,0.2754367201426025,100,svm_+I_scorer,0.02233130170313316
aircraft,mobilenetv2_100,0.4710516934046345,100,svm_+I_scorer,0.0745620162429673
aircraft,resnet18,0.436969696969697,100,svm_+I_scorer,0.028626100837802246
aircraft,resnet34,0.4572281639928699,100,svm_+I_scorer,0.05111500871766168
aircraft,resnet50,0.4186452762923352,100,svm_+I_scorer,0.06099641251388654
aircraft,vit_small_patch16_224,0.565427807486631,100,svm_+I_scorer,0.25910230431972964
aircraft,densenet121,0.4713725490196079,100,lsq_+I_scorer,0.4523490716349262
aircraft,densenet161,0.5639750445632798,100,lsq_+I_scorer,0.9574363766818665
aircraft,densenet169,0.5251693404634581,100,lsq_+I_scorer,0.584797851079657
aircraft,efficientnet_b0,0.5297682709447415,100,lsq_+I_scorer,-0.0040425143869341285
aircraft,mobilenetv2_050,0.2754367201426025,100,lsq_+I_scorer,-2.134614883379576
aircraft,mobilenetv2_100,0.4710516934046345,100,lsq_+I_scorer,-0.08605979235893517
aircraft,resnet18,0.436969696969697,100,lsq_+I_scorer,-0.24643270053061306
aircraft,resnet34,0.4572281639928699,100,lsq_+I_scorer,-0.23926169039867173
aircraft,resnet50,0.4186452762923352,100,lsq_+I_scorer,-0.49669519796461997
aircraft,vit_small_patch16_224,0.565427807486631,100,lsq_+I_scorer,1.2125234796228899
caltech101,densenet121,0.8815445752305655,102,overall_+I_scorer,0.05095444683256347
caltech101,densenet161,0.8829722380342162,102,overall_+I_scorer,0.601637197572979
caltech101,densenet169,0.8758115275142656,102,overall_+I_scorer,0.2884160176030224
caltech101,efficientnet_b0,0.8765689914873004,102,overall_+I_scorer,0.7144619919184606
caltech101,mobilenetv2_050,0.7402435857011531,102,overall_+I_scorer,-1.6768534145881722
caltech101,mobilenetv2_100,0.832364617775022,102,overall_+I_scorer,-0.2459743440622304
caltech101,resnet18,0.8249618148343529,102,overall_+I_scorer,-0.9013356946105491
caltech101,resnet34,0.8647097209885856,102,overall_+I_scorer,-0.1771390002196799
caltech101,resnet50,0.8786984754059276,102,overall_+I_scorer,0.3963530952259588
caltech101,vit_small_patch16_224,0.9325890758913568,102,overall_+I_scorer,0.9494797043276484
caltech101,densenet121,0.8815445752305655,102,per_scorer_+I_scorer,0.2973319585973622
caltech101,densenet161,0.8829722380342162,102,per_scorer_+I_scorer,0.5565199648115172
caltech101,densenet169,0.8758115275142656,102,per_scorer_+I_scorer,0.35185293013873115
caltech101,efficientnet_b0,0.8765689914873004,102,per_scorer_+I_scorer,0.19762403218990507
caltech101,mobilenetv2_050,0.7402435857011531,102,per_scorer_+I_scorer,-1.7713129514816819
caltech101,mobilenetv2_100,0.832364617775022,102,per_scorer_+I_scorer,-0.10954870158036865
caltech101,resnet18,0.8249618148343529,102,per_scorer_+I_scorer,-0.5771044895838566
caltech101,resnet34,0.8647097209885856,102,per_scorer_+I_scorer,-0.06827130213058419
caltech101,resnet50,0.8786984754059276,102,per_scorer_+I_scorer,0.23794986147902364
caltech101,vit_small_patch16_224,0.9325890758913568,102,per_scorer_+I_scorer,0.8849586975599426
caltech101,densenet121,0.8815445752305655,102,per_scorer_+I_dataset_scorer,0.29733195859736233
caltech101,densenet161,0.8829722380342162,102,per_scorer_+I_dataset_scorer,0.5565199648115173
caltech101,densenet169,0.8758115275142656,102,per_scorer_+I_dataset_scorer,0.35185293013873115
caltech101,efficientnet_b0,0.8765689914873004,102,per_scorer_+I_dataset_scorer,0.19762403218990515
caltech101,mobilenetv2_050,0.7402435857011531,102,per_scorer_+I_dataset_scorer,-1.771312951481682
caltech101,mobilenetv2_100,0.832364617775022,102,per_scorer_+I_dataset_scorer,-0.10954870158036867
caltech101,resnet18,0.8249618148343529,102,per_scorer_+I_dataset_scorer,-0.577104489583857
caltech101,resnet34,0.8647097209885856,102,per_scorer_+I_dataset_scorer,-0.06827130213058416
caltech101,resnet50,0.8786984754059276,102,per_scorer_+I_dataset_scorer,0.23794986147902364
caltech101,vit_small_patch16_224,0.9325890758913568,102,per_scorer_+I_dataset_scorer,0.8849586975599427
caltech101,densenet121,0.8815445752305655,102,svm_+I_scorer,0.1632702978671573
caltech101,densenet161,0.8829722380342162,102,svm_+I_scorer,0.23066628249430504
caltech101,densenet169,0.8758115275142656,102,svm_+I_scorer,0.18175543562394503
caltech101,efficientnet_b0,0.8765689914873004,102,svm_+I_scorer,0.11934377512615366
caltech101,mobilenetv2_050,0.7402435857011531,102,svm_+I_scorer,-0.011726630575089866
caltech101,mobilenetv2_100,0.832364617775022,102,svm_+I_scorer,0.02228554223028767
caltech101,resnet18,0.8249618148343529,102,svm_+I_scorer,-0.025233907290656166
caltech101,resnet34,0.8647097209885856,102,svm_+I_scorer,0.047899635100594765
caltech101,resnet50,0.8786984754059276,102,svm_+I_scorer,0.1462491818882915
caltech101,vit_small_patch16_224,0.9325890758913568,102,svm_+I_scorer,0.20847989886182428
caltech101,densenet121,0.8815445752305655,102,lsq_+I_scorer,0.4320905272324538
caltech101,densenet161,0.8829722380342162,102,lsq_+I_scorer,0.7141490239781181
caltech101,densenet169,0.8758115275142656,102,lsq_+I_scorer,0.4427271435261996
caltech101,efficientnet_b0,0.8765689914873004,102,lsq_+I_scorer,0.11741687215439309
caltech101,mobilenetv2_050,0.7402435857011531,102,lsq_+I_scorer,-2.1294806301034845
caltech101,mobilenetv2_100,0.832364617775022,102,lsq_+I_scorer,-0.2235028348678303
caltech101,resnet18,0.8249618148343529,102,lsq_+I_scorer,-0.8233987494455339
caltech101,resnet34,0.8647097209885856,102,lsq_+I_scorer,-0.09492353929643296
caltech101,resnet50,0.8786984754059276,102,lsq_+I_scorer,0.2503711071429302
caltech101,vit_small_patch16_224,0.9325890758913568,102,lsq_+I_scorer,1.3145510796791777
oxfordpets,densenet121,0.8749529978927144,37,overall_+I_scorer,0.05081843384795168
oxfordpets,densenet161,0.9091687679792296,37,overall_+I_scorer,0.6000312440991991
oxfordpets,densenet169,0.88930303093936,37,overall_+I_scorer,0.2876461471441613
oxfordpets,efficientnet_b0,0.885601714709954,37,overall_+I_scorer,0.7125548746018557
oxfordpets,mobilenetv2_050,0.732783644033913,37,overall_+I_scorer,-1.6723773805646103
oxfordpets,mobilenetv2_100,0.8584925162348174,37,overall_+I_scorer,-0.24531776339550823
oxfordpets,resnet18,0.8580522388049154,37,overall_+I_scorer,-0.8989297542936261
oxfordpets,resnet34,0.8813056148657081,37,overall_+I_scorer,-0.17666616211410374
oxfordpets,resnet50,0.9051590955642684,37,overall_+I_scorer,0.3952951077333481
oxfordpets,vit_small_patch16_224,0.9204170877115228,37,overall_+I_scorer,0.9469452529413319
oxfordpets,densenet121,0.8749529978927144,37,per_scorer_+I_scorer,0.19766843523951702
oxfordpets,densenet161,0.9091687679792296,37,per_scorer_+I_scorer,0.5340908859500572
oxfordpets,densenet169,0.88930303093936,37,per_scorer_+I_scorer,0.32959389471446776
oxfordpets,efficientnet_b0,0.885601714709954,37,per_scorer_+I_scorer,0.22900888760059462
oxfordpets,mobilenetv2_050,0.732783644033913,37,per_scorer_+I_scorer,-1.9092766356956183
oxfordpets,mobilenetv2_100,0.8584925162348174,37,per_scorer_+I_scorer,-0.13593638613215558
oxfordpets,resnet18,0.8580522388049154,37,per_scorer_+I_scorer,-0.3732288437300554
oxfordpets,resnet34,0.8813056148657081,37,per_scorer_+I_scorer,0.02362944753382118
oxfordpets,resnet50,0.9051590955642684,37,per_scorer_+I_scorer,0.39209491808100605
oxfordpets,vit_small_patch16_224,0.9204170877115228,37,per_scorer_+I_scorer,0.7123553964383534
oxfordpets,densenet121,0.8749529978927144,37,per_scorer_+I_dataset_scorer,0.1976684352395171
oxfordpets,densenet161,0.9091687679792296,37,per_scorer_+I_dataset_scorer,0.5340908859500575
oxfordpets,densenet169,0.88930303093936,37,per_scorer_+I_dataset_scorer,0.32959389471446787
oxfordpets,efficientnet_b0,0.885601714709954,37,per_scorer_+I_dataset_scorer,0.22900888760059473
oxfordpets,mobilenetv2_050,0.732783644033913,37,per_scorer_+I_dataset_scorer,-1.9092766356956183
oxfordpets,mobilenetv2_100,0.8584925162348174,37,per_scorer_+I_dataset_scorer,-0.13593638613215567
oxfordpets,resnet18,0.8580522388049154,37,per_scorer_+I_dataset_scorer,-0.3732288437300555
oxfordpets,resnet34,0.8813056148657081,37,per_scorer_+I_dataset_scorer,0.023629447533821114
oxfordpets,resnet50,0.9051590955642684,37,per_scorer_+I_dataset_scorer,0.39209491808100605
oxfordpets,vit_small_patch16_224,0.9204170877115228,37,per_scorer_+I_dataset_scorer,0.7123553964383535
oxfordpets,densenet121,0.8749529978927144,37,svm_+I_scorer,0.13383355531101748
oxfordpets,densenet161,0.9091687679792296,37,svm_+I_scorer,0.2321154263492432
oxfordpets,densenet169,0.88930303093936,37,svm_+I_scorer,0.17920910025206366
oxfordpets,efficientnet_b0,0.885601714709954,37,svm_+I_scorer,0.12805814339315796
oxfordpets,mobilenetv2_050,0.732783644033913,37,svm_+I_scorer,-0.0032575118050309076
oxfordpets,mobilenetv2_100,0.8584925162348174,37,svm_+I_scorer,0.01771979029304685
oxfordpets,resnet18,0.8580522388049154,37,svm_+I_scorer,-0.02072780697109336
oxfordpets,resnet34,0.8813056148657081,37,svm_+I_scorer,0.06865070839717105
oxfordpets,resnet50,0.9051590955642684,37,svm_+I_scorer,0.18153137911932477
oxfordpets,vit_small_patch16_224,0.9204170877115228,37,svm_+I_scorer,0.23820702101970165
oxfordpets,densenet121,0.8749529978927144,37,lsq_+I_scorer,0.2714673685745504
oxfordpets,densenet161,0.9091687679792296,37,lsq_+I_scorer,0.7028078858904008
oxfordpets,densenet169,0.88930303093936,37,lsq_+I_scorer,0.42049100998757055
oxfordpets,efficientnet_b0,0.885601714709954,37,lsq_+I_scorer,0.18574919508247362
oxfordpets,mobilenetv2_050,0.732783644033913,37,lsq_+I_scorer,-2.338737189481084
oxfordpets,mobilenetv2_100,0.8584925162348174,37,lsq_+I_scorer,-0.26270236276489184
oxfordpets,resnet18,0.8580522388049154,37,lsq_+I_scorer,-0.5315250781834505
oxfordpets,resnet34,0.8813056148657081,37,lsq_+I_scorer,0.010775586022602089
oxfordpets,resnet50,0.9051590955642684,37,lsq_+I_scorer,0.5137832285301966
oxfordpets,vit_small_patch16_224,0.9204170877115228,37,lsq_+I_scorer,1.0278903563416193
flowers102,densenet121,0.858917660516678,102,overall_+I_scorer,0.05193359393466443
flowers102,densenet161,0.9144551533143834,102,overall_+I_scorer,0.6131983341398335
flowers102,densenet169,0.8957135720878885,102,overall_+I_scorer,0.29395825631603406
flowers102,efficientnet_b0,0.8851406795994877,102,overall_+I_scorer,0.7281911840191442
flowers102,mobilenetv2_050,0.7601569893406188,102,overall_+I_scorer,-1.709076042123264
flowers102,mobilenetv2_100,0.8648456641679183,102,overall_+I_scorer,-0.250701018202589
flowers102,resnet18,0.8643704787540395,102,overall_+I_scorer,-0.9186558754437987
flowers102,resnet34,0.8527516726532692,102,overall_+I_scorer,-0.18054292567694438
flowers102,resnet50,0.8035061471145255,102,overall_+I_scorer,0.4039694664893845
flowers102,vit_small_patch16_224,0.9885636935860358,102,overall_+I_scorer,0.9677250265475352
flowers102,densenet121,0.858917660516678,102,per_scorer_+I_scorer,0.3122818317955675
flowers102,densenet161,0.9144551533143834,102,per_scorer_+I_scorer,0.5417299613900745
flowers102,densenet169,0.8957135720878885,102,per_scorer_+I_scorer,0.30339879901669825
flowers102,efficientnet_b0,0.8851406795994877,102,per_scorer_+I_scorer,0.17200694118421356
flowers102,mobilenetv2_050,0.7601569893406188,102,per_scorer_+I_scorer,-1.587297140865451
flowers102,mobilenetv2_100,0.8648456641679183,102,per_scorer_+I_scorer,-0.031877119283265254
flowers102,resnet18,0.8643704787540395,102,per_scorer_+I_scorer,-0.4550970011926232
flowers102,resnet34,0.8527516726532692,102,per_scorer_+I_scorer,-0.28014776960211274
flowers102,resnet50,0.8035061471145255,102,per_scorer_+I_scorer,-0.014382319193396345
flowers102,vit_small_patch16_224,0.9885636935860358,102,per_scorer_+I_scorer,1.0393838167502856
flowers102,densenet121,0.858917660516678,102,per_scorer_+I_dataset_scorer,0.3122818317955677
flowers102,densenet161,0.9144551533143834,102,per_scorer_+I_dataset_scorer,0.5417299613900746
flowers102,densenet169,0.8957135720878885,102,per_scorer_+I_dataset_scorer,0.3033987990166982
flowers102,efficientnet_b0,0.8851406795994877,102,per_scorer_+I_dataset_scorer,0.17200694118421359
flowers102,mobilenetv2_050,0.7601569893406188,102,per_scorer_+I_dataset_scorer,-1.5872971408654513
flowers102,mobilenetv2_100,0.8648456641679183,102,per_scorer_+I_dataset_scorer,-0.03187711928326534
flowers102,resnet18,0.8643704787540395,102,per_scorer_+I_dataset_scorer,-0.4550970011926235
flowers102,resnet34,0.8527516726532692,102,per_scorer_+I_dataset_scorer,-0.28014776960211274
flowers102,resnet50,0.8035061471145255,102,per_scorer_+I_dataset_scorer,-0.014382319193396331
flowers102,vit_small_patch16_224,0.9885636935860358,102,per_scorer_+I_dataset_scorer,1.0393838167502856
flowers102,densenet121,0.858917660516678,102,svm_+I_scorer,0.19362440985001192
flowers102,densenet161,0.9144551533143834,102,svm_+I_scorer,0.2364474163407289
flowers102,densenet169,0.8957135720878885,102,svm_+I_scorer,0.18077587253828592
flowers102,efficientnet_b0,0.8851406795994877,102,svm_+I_scorer,0.13131702842946788
flowers102,mobilenetv2_050,0.7601569893406188,102,svm_+I_scorer,0.019247546381971126
flowers102,mobilenetv2_100,0.8648456641679183,102,svm_+I_scorer,0.05893511651830931
flowers102,resnet18,0.8643704787540395,102,svm_+I_scorer,-0.007223746066721409
flowers102,resnet34,0.8527516726532692,102,svm_+I_scorer,0.051721108761977726
flowers102,resnet50,0.8035061471145255,102,svm_+I_scorer,0.08527645755394371
flowers102,vit_small_patch16_224,0.9885636935860358,102,svm_+I_scorer,0.19680754465926523
flowers102,densenet121,0.858917660516678,102,lsq_+I_scorer,0.45763706458962544
flowers102,densenet161,0.9144551533143834,102,lsq_+I_scorer,0.6494106872043396
flowers102,densenet169,0.8957135720878885,102,lsq_+I_scorer,0.3477399858687028
flowers102,efficientnet_b0,0.8851406795994877,102,lsq_+I_scorer,0.09502035629113273
flowers102,mobilenetv2_050,0.7601569893406188,102,lsq_+I_scorer,-1.857909363797205
flowers102,mobilenetv2_100,0.8648456641679183,102,lsq_+I_scorer,-0.12183179995840873
flowers102,resnet18,0.8643704787540395,102,lsq_+I_scorer,-0.5916769623234275
flowers102,resnet34,0.8527516726532692,102,lsq_+I_scorer,-0.31904300087651893
flowers102,resnet50,0.8035061471145255,102,lsq_+I_scorer,-0.10415321335486784
flowers102,vit_small_patch16_224,0.9885636935860358,102,lsq_+I_scorer,1.4448062463566178
dtd,densenet121,0.6771276595744681,47,overall_+I_scorer,0.0516655611391358
dtd,densenet161,0.7074468085106383,47,overall_+I_scorer,0.6100335760081357
dtd,densenet169,0.6867021276595746,47,overall_+I_scorer,0.2924411178466988
dtd,efficientnet_b0,0.6606382978723404,47,overall_+I_scorer,0.7244329400012638
dtd,mobilenetv2_050,0.5957446808510638,47,overall_+I_scorer,-1.7002553849217292
dtd,mobilenetv2_100,0.6638297872340426,47,overall_+I_scorer,-0.24940713326877792
dtd,resnet18,0.6361702127659573,47,overall_+I_scorer,-0.9139146302541472
dtd,resnet34,0.653723404255319,47,overall_+I_scorer,-0.17961113141015442
dtd,resnet50,0.6670212765957448,47,overall_+I_scorer,0.40188455271377344
dtd,vit_small_patch16_224,0.7585106382978725,47,overall_+I_scorer,0.9627305321458015
dtd,densenet121,0.6771276595744681,47,per_scorer_+I_scorer,0.3065351361161745
dtd,densenet161,0.7074468085106383,47,per_scorer_+I_scorer,0.48383549553315447
dtd,densenet169,0.6867021276595746,47,per_scorer_+I_scorer,0.3198709614893319
dtd,efficientnet_b0,0.6606382978723404,47,per_scorer_+I_scorer,0.20212529705299975
dtd,mobilenetv2_050,0.5957446808510638,47,per_scorer_+I_scorer,-1.8305570228352845
dtd,mobilenetv2_100,0.6638297872340426,47,per_scorer_+I_scorer,-0.049028819829244216
dtd,resnet18,0.6361702127659573,47,per_scorer_+I_scorer,-0.5724677628337648
dtd,resnet34,0.653723404255319,47,per_scorer_+I_scorer,0.06768197359517467
dtd,resnet50,0.6670212765957448,47,per_scorer_+I_scorer,0.2734985984546048
dtd,vit_small_patch16_224,0.7585106382978725,47,per_scorer_+I_scorer,0.7985061432568423
dtd,densenet121,0.6771276595744681,47,per_scorer_+I_dataset_scorer,0.30653513611617444
dtd,densenet161,0.7074468085106383,47,per_scorer_+I_dataset_scorer,0.48383549553315464
dtd,densenet169,0.6867021276595746,47,per_scorer_+I_dataset_scorer,0.3198709614893319
dtd,efficientnet_b0,0.6606382978723404,47,per_scorer_+I_dataset_scorer,0.2021252970529998
dtd,mobilenetv2_050,0.5957446808510638,47,per_scorer_+I_dataset_scorer,-1.8305570228352852
dtd,mobilenetv2_100,0.6638297872340426,47,per_scorer_+I_dataset_scorer,-0.049028819829244286
dtd,resnet18,0.6361702127659573,47,per_scorer_+I_dataset_scorer,-0.5724677628337652
dtd,resnet34,0.653723404255319,47,per_scorer_+I_dataset_scorer,0.06768197359517474
dtd,resnet50,0.6670212765957448,47,per_scorer_+I_dataset_scorer,0.2734985984546048
dtd,vit_small_patch16_224,0.7585106382978725,47,per_scorer_+I_dataset_scorer,0.7985061432568425
dtd,densenet121,0.6771276595744681,47,svm_+I_scorer,0.2046614970541644
dtd,densenet161,0.7074468085106383,47,svm_+I_scorer,0.2516304933804573
dtd,densenet169,0.6867021276595746,47,svm_+I_scorer,0.2104087129024965
dtd,efficientnet_b0,0.6606382978723404,47,svm_+I_scorer,0.16753835227848002
dtd,mobilenetv2_050,0.5957446808510638,47,svm_+I_scorer,0.028429306949628128
dtd,mobilenetv2_100,0.6638297872340426,47,svm_+I_scorer,0.07612577329578106
dtd,resnet18,0.6361702127659573,47,svm_+I_scorer,0.011193886825418872
dtd,resnet34,0.653723404255319,47,svm_+I_scorer,0.12898982421671118
dtd,resnet50,0.6670212765957448,47,svm_+I_scorer,0.20296079159990021
dtd,vit_small_patch16_224,0.7585106382978725,47,svm_+I_scorer,0.2505651746582527
dtd,densenet121,0.6771276595744681,47,lsq_+I_scorer,0.44599492168441
dtd,densenet161,0.7074468085106383,47,lsq_+I_scorer,0.6062759298133416
dtd,densenet169,0.6867021276595746,47,lsq_+I_scorer,0.3976958588181449
dtd,efficientnet_b0,0.6606382978723404,47,lsq_+I_scorer,0.13633091585679688
dtd,mobilenetv2_050,0.5957446808510638,47,lsq_+I_scorer,-2.2265438728769857
dtd,mobilenetv2_100,0.6638297872340426,47,lsq_+I_scorer,-0.1039577207905203
dtd,resnet18,0.6361702127659573,47,lsq_+I_scorer,-0.802635671873044
dtd,resnet34,0.653723404255319,47,lsq_+I_scorer,0.15103026630968663
dtd,resnet50,0.6670212765957448,47,lsq_+I_scorer,0.3284799131624616
dtd,vit_small_patch16_224,0.7585106382978725,47,lsq_+I_scorer,1.067329459895698
stanfordcars,densenet121,0.7406016547474712,196,overall_+I_scorer,0.05093248245052421
stanfordcars,densenet161,0.8046838576698639,196,overall_+I_scorer,0.601377856336289
stanfordcars,densenet169,0.786676674214534,196,overall_+I_scorer,0.28829169323114484
stanfordcars,efficientnet_b0,0.7527618989500439,196,overall_+I_scorer,0.7141540165185029
stanfordcars,mobilenetv2_050,0.437272996655256,196,overall_+I_scorer,-1.6761305915312854
stanfordcars,mobilenetv2_100,0.7278765181351872,196,overall_+I_scorer,-0.24586831456332267
stanfordcars,resnet18,0.6828571304635248,196,overall_+I_scorer,-0.9009471655856556
stanfordcars,resnet34,0.7015844780125411,196,overall_+I_scorer,-0.1770626428276035
stanfordcars,resnet50,0.6840747116540279,196,overall_+I_scorer,0.396182243585973
stanfordcars,vit_small_patch16_224,0.7896935435587035,196,overall_+I_scorer,0.949070422385432
stanfordcars,densenet121,0.7406016547474712,196,per_scorer_+I_scorer,0.29823011659805576
stanfordcars,densenet161,0.8046838576698639,196,per_scorer_+I_scorer,0.7516074889270536
stanfordcars,densenet169,0.786676674214534,196,per_scorer_+I_scorer,0.46393990683340497
stanfordcars,efficientnet_b0,0.7527618989500439,196,per_scorer_+I_scorer,0.2414682210354022
stanfordcars,mobilenetv2_050,0.437272996655256,196,per_scorer_+I_scorer,-1.759101907134661
stanfordcars,mobilenetv2_100,0.7278765181351872,196,per_scorer_+I_scorer,0.04553383748002419
stanfordcars,resnet18,0.6828571304635248,196,per_scorer_+I_scorer,-0.32232500996225155
stanfordcars,resnet34,0.7015844780125411,196,per_scorer_+I_scorer,-0.22552550437629856
stanfordcars,resnet50,0.6840747116540279,196,per_scorer_+I_scorer,-0.25577392759226436
stanfordcars,vit_small_patch16_224,0.7896935435587035,196,per_scorer_+I_scorer,0.7619467781915226
stanfordcars,densenet121,0.7406016547474712,196,per_scorer_+I_dataset_scorer,0.2982301165980559
stanfordcars,densenet161,0.8046838576698639,196,per_scorer_+I_dataset_scorer,0.7516074889270539
stanfordcars,densenet169,0.786676674214534,196,per_scorer_+I_dataset_scorer,0.46393990683340514
stanfordcars,efficientnet_b0,0.7527618989500439,196,per_scorer_+I_dataset_scorer,0.24146822103540216
stanfordcars,mobilenetv2_050,0.437272996655256,196,per_scorer_+I_dataset_scorer,-1.7591019071346612
stanfordcars,mobilenetv2_100,0.7278765181351872,196,per_scorer_+I_dataset_scorer,0.04553383748002414
stanfordcars,resnet18,0.6828571304635248,196,per_scorer_+I_dataset_scorer,-0.3223250099622518
stanfordcars,resnet34,0.7015844780125411,196,per_scorer_+I_dataset_scorer,-0.22552550437629865
stanfordcars,resnet50,0.6840747116540279,196,per_scorer_+I_dataset_scorer,-0.25577392759226436
stanfordcars,vit_small_patch16_224,0.7896935435587035,196,per_scorer_+I_dataset_scorer,0.7619467781915229
stanfordcars,densenet121,0.7406016547474712,196,svm_+I_scorer,0.17708015311521713
stanfordcars,densenet161,0.8046838576698639,196,svm_+I_scorer,0.26071114925049454
stanfordcars,densenet169,0.786676674214534,196,svm_+I_scorer,0.2253692186754629
stanfordcars,efficientnet_b0,0.7527618989500439,196,svm_+I_scorer,0.15764004098140905
stanfordcars,mobilenetv2_050,0.437272996655256,196,svm_+I_scorer,0.011299737540048843
stanfordcars,mobilenetv2_100,0.7278765181351872,196,svm_+I_scorer,0.08681051696856386
stanfordcars,resnet18,0.6828571304635248,196,svm_+I_scorer,0.002875820677740476
stanfordcars,resnet34,0.7015844780125411,196,svm_+I_scorer,0.022527334117110095
stanfordcars,resnet50,0.6840747116540279,196,svm_+I_scorer,0.05121533050058612
stanfordcars,vit_small_patch16_224,0.7896935435587035,196,svm_+I_scorer,0.2570346074095669
stanfordcars,densenet121,0.7406016547474712,196,lsq_+I_scorer,0.40302724959104613
stanfordcars,densenet161,0.8046838576698639,196,lsq_+I_scorer,1.0480222030880946
stanfordcars,densenet169,0.786676674214534,196,lsq_+I_scorer,0.623373452195767
stanfordcars,efficientnet_b0,0.7527618989500439,196,lsq_+I_scorer,0.18996190132839347
stanfordcars,mobilenetv2_050,0.437272996655256,196,lsq_+I_scorer,-2.0846154326809985
stanfordcars,mobilenetv2_100,0.7278765181351872,196,lsq_+I_scorer,0.02146525505690874
stanfordcars,resnet18,0.6828571304635248,196,lsq_+I_scorer,-0.45854713412966835
stanfordcars,resnet34,0.7015844780125411,196,lsq_+I_scorer,-0.39281064798770743
stanfordcars,resnet50,0.6840747116540279,196,lsq_+I_scorer,-0.42530678349494755
stanfordcars,vit_small_patch16_224,0.7896935435587035,196,lsq_+I_scorer,1.0754299370330993
voc2007,densenet121,0.7514751466188293,20,overall_+I_scorer,0.050966205344743234
voc2007,densenet161,0.7688094865635919,20,overall_+I_scorer,0.6017760344901745
voc2007,densenet169,0.7616642285292048,20,overall_+I_scorer,0.28848257397772004
voc2007,efficientnet_b0,0.7380492948126209,20,overall_+I_scorer,0.71462686486982
voc2007,mobilenetv2_050,0.6371678224743836,20,overall_+I_scorer,-1.6772403739710195
voc2007,mobilenetv2_100,0.7254279118088733,20,overall_+I_scorer,-0.24603110637642375
voc2007,resnet18,0.710734045583304,20,overall_+I_scorer,-0.9015436915058597
voc2007,resnet34,0.731867486891484,20,overall_+I_scorer,-0.1771798777332463
voc2007,resnet50,0.7792620193279538,20,overall_+I_scorer,0.39644455971998277
voc2007,vit_small_patch16_224,0.8150206970442622,20,overall_+I_scorer,0.9496988111841068
voc2007,densenet121,0.7514751466188293,20,per_scorer_+I_scorer,0.32195252205916663
voc2007,densenet161,0.7688094865635919,20,per_scorer_+I_scorer,0.48226465178403033
voc2007,densenet169,0.7616642285292048,20,per_scorer_+I_scorer,0.3367671883726582
voc2007,efficientnet_b0,0.7380492948126209,20,per_scorer_+I_scorer,0.13739561364481637
voc2007,mobilenetv2_050,0.6371678224743836,20,per_scorer_+I_scorer,-1.874101090270438
voc2007,mobilenetv2_100,0.7254279118088733,20,per_scorer_+I_scorer,-0.15945291750388058
voc2007,resnet18,0.710734045583304,20,per_scorer_+I_scorer,-0.4157579599565342
voc2007,resnet34,0.731867486891484,20,per_scorer_+I_scorer,0.0009094341769884454
voc2007,resnet50,0.7792620193279538,20,per_scorer_+I_scorer,0.329460572166696
voc2007,vit_small_patch16_224,0.8150206970442622,20,per_scorer_+I_scorer,0.8405619855264838
voc2007,densenet121,0.7514751466188293,20,per_scorer_+I_dataset_scorer,0.32195252205916686
voc2007,densenet161,0.7688094865635919,20,per_scorer_+I_dataset_scorer,0.4822646517840304
voc2007,densenet169,0.7616642285292048,20,per_scorer_+I_dataset_scorer,0.3367671883726584
voc2007,efficientnet_b0,0.7380492948126209,20,per_scorer_+I_dataset_scorer,0.1373956136448164
voc2007,mobilenetv2_050,0.6371678224743836,20,per_scorer_+I_dataset_scorer,-1.8741010902704383
voc2007,mobilenetv2_100,0.7254279118088733,20,per_scorer_+I_dataset_scorer,-0.15945291750388063
voc2007,resnet18,0.710734045583304,20,per_scorer_+I_dataset_scorer,-0.4157579599565343
voc2007,resnet34,0.731867486891484,20,per_scorer_+I_dataset_scorer,0.0009094341769884488
voc2007,resnet50,0.7792620193279538,20,per_scorer_+I_dataset_scorer,0.32946057216669605
voc2007,vit_small_patch16_224,0.8150206970442622,20,per_scorer_+I_dataset_scorer,0.840561985526484
voc2007,densenet121,0.7514751466188293,20,svm_+I_scorer,0.19401226224266244
voc2007,densenet161,0.7688094865635919,20,svm_+I_scorer,0.24002425568713842
voc2007,densenet169,0.7616642285292048,20,svm_+I_scorer,0.20486388898828037
voc2007,efficientnet_b0,0.7380492948126209,20,svm_+I_scorer,0.13809568104350345
voc2007,mobilenetv2_050,0.6371678224743836,20,svm_+I_scorer,0.01816137869885502
voc2007,mobilenetv2_100,0.7254279118088733,20,svm_+I_scorer,0.03985650043198105
voc2007,resnet18,0.710734045583304,20,svm_+I_scorer,0.0004975902037081675
voc2007,resnet34,0.731867486891484,20,svm_+I_scorer,0.0896550470913625
voc2007,resnet50,0.7792620193279538,20,svm_+I_scorer,0.19742426771859767
voc2007,vit_small_patch16_224,0.8150206970442622,20,svm_+I_scorer,0.2595260344804956
voc2007,densenet121,0.7514751466188293,20,lsq_+I_scorer,0.45212065765158915
voc2007,densenet161,0.7688094865635919,20,lsq_+I_scorer,0.6127493875419058
voc2007,densenet169,0.7616642285292048,20,lsq_+I_scorer,0.42869455114299426
voc2007,efficientnet_b0,0.7380492948126209,20,lsq_+I_scorer,0.04008682754802465
voc2007,mobilenetv2_050,0.6371678224743836,20,lsq_+I_scorer,-2.308210778507086
voc2007,mobilenetv2_100,0.7254279118088733,20,lsq_+I_scorer,-0.2821434670671804
voc2007,resnet18,0.710734045583304,20,lsq_+I_scorer,-0.5643816945035048
voc2007,resnet34,0.731867486891484,20,lsq_+I_scorer,-0.015089021441428933
voc2007,resnet50,0.7792620193279538,20,lsq_+I_scorer,0.45660131540473164
voc2007,vit_small_patch16_224,0.8150206970442622,20,lsq_+I_scorer,1.179572222229942
brain_tumor_kaggle,densenet121,0.7614071680376029,4,overall_+I_scorer,0.05236632310432833
brain_tumor_kaggle,densenet161,0.7662720329024677,4,overall_+I_scorer,0.6183077206826847
brain_tumor_kaggle,densenet169,0.7694594594594595,4,overall_+I_scorer,0.29640762102457974
brain_tumor_kaggle,efficientnet_b0,0.7525675675675676,4,overall_+I_scorer,0.734258731872922
brain_tumor_kaggle,mobilenetv2_050,0.6845565441217615,4,overall_+I_scorer,-1.7233166713685857
brain_tumor_kaggle,mobilenetv2_100,0.7517890716803761,4,overall_+I_scorer,-0.25278994822305345
brain_tumor_kaggle,resnet18,0.7461368977673326,4,overall_+I_scorer,-0.9263104428262885
brain_tumor_kaggle,resnet34,0.7820945945945946,4,overall_+I_scorer,-0.18204727352576042
brain_tumor_kaggle,resnet50,0.7499324324324325,4,overall_+I_scorer,0.4073354837156037
brain_tumor_kaggle,vit_small_patch16_224,0.7562720329024677,4,overall_+I_scorer,0.9757884555435683
brain_tumor_kaggle,densenet121,0.7614071680376029,4,per_scorer_+I_scorer,0.28903196295119
brain_tumor_kaggle,densenet161,0.7662720329024677,4,per_scorer_+I_scorer,0.6839081062135006
brain_tumor_kaggle,densenet169,0.7694594594594595,4,per_scorer_+I_scorer,0.42850195784827944
brain_tumor_kaggle,efficientnet_b0,0.7525675675675676,4,per_scorer_+I_scorer,0.407348965153822
brain_tumor_kaggle,mobilenetv2_050,0.6845565441217615,4,per_scorer_+I_scorer,-1.5975867798589296
brain_tumor_kaggle,mobilenetv2_100,0.7517890716803761,4,per_scorer_+I_scorer,0.16880890708526303
brain_tumor_kaggle,resnet18,0.7461368977673326,4,per_scorer_+I_scorer,-0.5957041004533246
brain_tumor_kaggle,resnet34,0.7820945945945946,4,per_scorer_+I_scorer,-0.199210891515145
brain_tumor_kaggle,resnet50,0.7499324324324325,4,per_scorer_+I_scorer,-0.26536454030344875
brain_tumor_kaggle,vit_small_patch16_224,0.7562720329024677,4,per_scorer_+I_scorer,0.6802664128787796
brain_tumor_kaggle,densenet121,0.7614071680376029,4,per_scorer_+I_dataset_scorer,0.2890319629511902
brain_tumor_kaggle,densenet161,0.7662720329024677,4,per_scorer_+I_dataset_scorer,0.6839081062135008
brain_tumor_kaggle,densenet169,0.7694594594594595,4,per_scorer_+I_dataset_scorer,0.4285019578482796
brain_tumor_kaggle,efficientnet_b0,0.7525675675675676,4,per_scorer_+I_dataset_scorer,0.4073489651538219
brain_tumor_kaggle,mobilenetv2_050,0.6845565441217615,4,per_scorer_+I_dataset_scorer,-1.5975867798589298
brain_tumor_kaggle,mobilenetv2_100,0.7517890716803761,4,per_scorer_+I_dataset_scorer,0.16880890708526283
brain_tumor_kaggle,resnet18,0.7461368977673326,4,per_scorer_+I_dataset_scorer,-0.5957041004533248
brain_tumor_kaggle,resnet34,0.7820945945945946,4,per_scorer_+I_dataset_scorer,-0.19921089151514487
brain_tumor_kaggle,resnet50,0.7499324324324325,4,per_scorer_+I_dataset_scorer,-0.2653645403034486
brain_tumor_kaggle,vit_small_patch16_224,0.7562720329024677,4,per_scorer_+I_dataset_scorer,0.6802664128787799
brain_tumor_kaggle,densenet121,0.7614071680376029,4,svm_+I_scorer,0.16841279283305677
brain_tumor_kaggle,densenet161,0.7662720329024677,4,svm_+I_scorer,0.28921497691140324
brain_tumor_kaggle,densenet169,0.7694594594594595,4,svm_+I_scorer,0.2358691391526831
brain_tumor_kaggle,efficientnet_b0,0.7525675675675676,4,svm_+I_scorer,0.20456156769975523
brain_tumor_kaggle,mobilenetv2_050,0.6845565441217615,4,svm_+I_scorer,0.0394053557131023
brain_tumor_kaggle,mobilenetv2_100,0.7517890716803761,4,svm_+I_scorer,0.1392569629227477
brain_tumor_kaggle,resnet18,0.7461368977673326,4,svm_+I_scorer,0.011294338794036532
brain_tumor_kaggle,resnet34,0.7820945945945946,4,svm_+I_scorer,0.049926213963074006
brain_tumor_kaggle,resnet50,0.7499324324324325,4,svm_+I_scorer,0.06605457650563265
brain_tumor_kaggle,vit_small_patch16_224,0.7562720329024677,4,svm_+I_scorer,0.2896844586275873
brain_tumor_kaggle,densenet121,0.7614071680376029,4,lsq_+I_scorer,0.24733241367711994
brain_tumor_kaggle,densenet161,0.7662720329024677,4,lsq_+I_scorer,0.9495936665030664
brain_tumor_kaggle,densenet169,0.7694594594594595,4,lsq_+I_scorer,0.5178583920769851
brain_tumor_kaggle,efficientnet_b0,0.7525675675675676,4,lsq_+I_scorer,0.5882077739395037
brain_tumor_kaggle,mobilenetv2_050,0.6845565441217615,4,lsq_+I_scorer,-1.657661182814383
brain_tumor_kaggle,mobilenetv2_100,0.7517890716803761,4,lsq_+I_scorer,0.32043957963742103
brain_tumor_kaggle,resnet18,0.7461368977673326,4,lsq_+I_scorer,-0.9806929387958907
brain_tumor_kaggle,resnet34,0.7820945945945946,4,lsq_+I_scorer,-0.4863455038242946
brain_tumor_kaggle,resnet50,0.7499324324324325,4,lsq_+I_scorer,-0.38432024164991163
brain_tumor_kaggle,vit_small_patch16_224,0.7562720329024677,4,lsq_+I_scorer,0.8855880412503715
breakhis,densenet121,0.98472168599793,2,overall_+I_scorer,0.05185499994972331
breakhis,densenet161,0.9880595689300466,2,overall_+I_scorer,0.6122703471281866
breakhis,densenet169,0.9894933269530196,2,overall_+I_scorer,0.2935133930007901
breakhis,efficientnet_b0,0.9861327866564435,2,overall_+I_scorer,0.7270891719569075
breakhis,mobilenetv2_050,0.9563582908734324,2,overall_+I_scorer,-1.7064896026619878
breakhis,mobilenetv2_100,0.9804204119290116,2,overall_+I_scorer,-0.25032161846233153
breakhis,resnet18,0.9818994846809028,2,overall_+I_scorer,-0.9172656226118477
breakhis,resnet34,0.990456718089821,2,overall_+I_scorer,-0.1802697000650251
breakhis,resnet50,0.97369933133586,2,overall_+I_scorer,0.40335811711491193
breakhis,vit_small_patch16_224,0.9909270849759922,2,overall_+I_scorer,0.9662605146506762
breakhis,densenet121,0.98472168599793,2,per_scorer_+I_scorer,0.4289814793446511
breakhis,densenet161,0.9880595689300466,2,per_scorer_+I_scorer,0.645712286822742
breakhis,densenet169,0.9894933269530196,2,per_scorer_+I_scorer,0.44750132020963274
breakhis,efficientnet_b0,0.9861327866564435,2,per_scorer_+I_scorer,0.3456107309572047
breakhis,mobilenetv2_050,0.9563582908734324,2,per_scorer_+I_scorer,-1.8112254532990455
breakhis,mobilenetv2_100,0.9804204119290116,2,per_scorer_+I_scorer,-0.021550656009536366
breakhis,resnet18,0.9818994846809028,2,per_scorer_+I_scorer,-0.5614542154747598
breakhis,resnet34,0.990456718089821,2,per_scorer_+I_scorer,-0.13118760410884336
breakhis,resnet50,0.97369933133586,2,per_scorer_+I_scorer,0.1508181214476284
breakhis,vit_small_patch16_224,0.9909270849759922,2,per_scorer_+I_scorer,0.5067939901103198
breakhis,densenet121,0.98472168599793,2,per_scorer_+I_dataset_scorer,0.4289814793446512
breakhis,densenet161,0.9880595689300466,2,per_scorer_+I_dataset_scorer,0.645712286822742
breakhis,densenet169,0.9894933269530196,2,per_scorer_+I_dataset_scorer,0.4475013202096327
breakhis,efficientnet_b0,0.9861327866564435,2,per_scorer_+I_dataset_scorer,0.34561073095720474
breakhis,mobilenetv2_050,0.9563582908734324,2,per_scorer_+I_dataset_scorer,-1.8112254532990462
breakhis,mobilenetv2_100,0.9804204119290116,2,per_scorer_+I_dataset_scorer,-0.021550656009536418
breakhis,resnet18,0.9818994846809028,2,per_scorer_+I_dataset_scorer,-0.5614542154747602
breakhis,resnet34,0.990456718089821,2,per_scorer_+I_dataset_scorer,-0.13118760410884311
breakhis,resnet50,0.97369933133586,2,per_scorer_+I_dataset_scorer,0.15081812144762838
breakhis,vit_small_patch16_224,0.9909270849759922,2,per_scorer_+I_dataset_scorer,0.50679399011032
breakhis,densenet121,0.98472168599793,2,svm_+I_scorer,0.20369652009983236
breakhis,densenet161,0.9880595689300466,2,svm_+I_scorer,0.252704613910255
breakhis,densenet169,0.9894933269530196,2,svm_+I_scorer,0.21092686300881014
breakhis,efficientnet_b0,0.9861327866564435,2,svm_+I_scorer,0.1642541635865873
breakhis,mobilenetv2_050,0.9563582908734324,2,svm_+I_scorer,0.0011023103642632676
breakhis,mobilenetv2_100,0.9804204119290116,2,svm_+I_scorer,0.053353143978864634
breakhis,resnet18,0.9818994846809028,2,svm_+I_scorer,-0.0158533890042184
breakhis,resnet34,0.990456718089821,2,svm_+I_scorer,0.07176394118313695
breakhis,resnet50,0.97369933133586,2,svm_+I_scorer,0.13350793279757975
breakhis,vit_small_patch16_224,0.9909270849759922,2,svm_+I_scorer,0.20594245911701214
breakhis,densenet121,0.98472168599793,2,lsq_+I_scorer,0.5503285557967017
breakhis,densenet161,0.9880595689300466,2,lsq_+I_scorer,0.8257547175727001
breakhis,densenet169,0.9894933269530196,2,lsq_+I_scorer,0.5842272889527748
breakhis,efficientnet_b0,0.9861327866564435,2,lsq_+I_scorer,0.308367720077169
breakhis,mobilenetv2_050,0.9563582908734324,2,lsq_+I_scorer,-2.248718493425581
breakhis,mobilenetv2_100,0.9804204119290116,2,lsq_+I_scorer,-0.12953899839110217
breakhis,resnet18,0.9818994846809028,2,lsq_+I_scorer,-0.6768295745985652
breakhis,resnet34,0.990456718089821,2,lsq_+I_scorer,-0.1517416735862827
breakhis,resnet50,0.97369933133586,2,lsq_+I_scorer,0.25935208411902994
breakhis,vit_small_patch16_224,0.9909270849759922,2,lsq_+I_scorer,0.6787983734831485
skin_splits,densenet121,0.8696020633214172,2,overall_+I_scorer,0.052837208065116714
skin_splits,densenet161,0.8887916517351186,2,overall_+I_scorer,0.6238676261629389
skin_splits,densenet169,0.8821900866175455,2,overall_+I_scorer,0.2990729578809662
skin_splits,efficientnet_b0,0.8797737251371518,2,overall_+I_scorer,0.7408612843087177
skin_splits,mobilenetv2_050,0.766613714299033,2,overall_+I_scorer,-1.7388129646944646
skin_splits,mobilenetv2_100,0.8627503037295365,2,overall_+I_scorer,-0.2550630691488705
skin_splits,resnet18,0.877213146754537,2,overall_+I_scorer,-0.9346399498584818
skin_splits,resnet34,0.8713709054782028,2,overall_+I_scorer,-0.18368426688664427
skin_splits,resnet50,0.837430040235059,2,overall_+I_scorer,0.4109982987063529
skin_splits,vit_small_patch16_224,0.8873964624613601,2,overall_+I_scorer,0.9845628754643726
skin_splits,densenet121,0.8696020633214172,2,per_scorer_+I_scorer,-0.1034048232330595
skin_splits,densenet161,0.8887916517351186,2,per_scorer_+I_scorer,0.6903890497178142
skin_splits,densenet169,0.8821900866175455,2,per_scorer_+I_scorer,0.25923825207393525
skin_splits,efficientnet_b0,0.8797737251371518,2,per_scorer_+I_scorer,0.4270763706689059
skin_splits,mobilenetv2_050,0.766613714299033,2,per_scorer_+I_scorer,-1.31791440375989
skin_splits,mobilenetv2_100,0.8627503037295365,2,per_scorer_+I_scorer,-0.02079136241738263
skin_splits,resnet18,0.877213146754537,2,per_scorer_+I_scorer,-0.4846091065123081
skin_splits,resnet34,0.8713709054782028,2,per_scorer_+I_scorer,-0.5303868557456243
skin_splits,resnet50,0.837430040235059,2,per_scorer_+I_scorer,0.0886665834590667
skin_splits,vit_small_patch16_224,0.8873964624613601,2,per_scorer_+I_scorer,0.9917362957485394
skin_splits,densenet121,0.8696020633214172,2,per_scorer_+I_dataset_scorer,-0.10340482323305947
skin_splits,densenet161,0.8887916517351186,2,per_scorer_+I_dataset_scorer,0.6903890497178143
skin_splits,densenet169,0.8821900866175455,2,per_scorer_+I_dataset_scorer,0.25923825207393536
skin_splits,efficientnet_b0,0.8797737251371518,2,per_scorer_+I_dataset_scorer,0.4270763706689057
skin_splits,mobilenetv2_050,0.766613714299033,2,per_scorer_+I_dataset_scorer,-1.31791440375989
skin_splits,mobilenetv2_100,0.8627503037295365,2,per_scorer_+I_dataset_scorer,-0.02079136241738285
skin_splits,resnet18,0.877213146754537,2,per_scorer_+I_dataset_scorer,-0.48460910651230815
skin_splits,resnet34,0.8713709054782028,2,per_scorer_+I_dataset_scorer,-0.5303868557456239
skin_splits,resnet50,0.837430040235059,2,per_scorer_+I_dataset_scorer,0.08866658345906667
skin_splits,vit_small_patch16_224,0.8873964624613601,2,per_scorer_+I_dataset_scorer,0.9917362957485396
skin_splits,densenet121,0.8696020633214172,2,svm_+I_scorer,0.027858681322444033
skin_splits,densenet161,0.8887916517351186,2,svm_+I_scorer,0.2294724741315669
skin_splits,densenet169,0.8821900866175455,2,svm_+I_scorer,0.16010268611646084
skin_splits,efficientnet_b0,0.8797737251371518,2,svm_+I_scorer,0.12230636070821566
skin_splits,mobilenetv2_050,0.766613714299033,2,svm_+I_scorer,-0.012250799441185484
skin_splits,mobilenetv2_100,0.8627503037295365,2,svm_+I_scorer,0.025236854899369245
skin_splits,resnet18,0.877213146754537,2,svm_+I_scorer,-0.011890750243937293
skin_splits,resnet34,0.8713709054782028,2,svm_+I_scorer,0.016886346448777984
skin_splits,resnet50,0.837430040235059,2,svm_+I_scorer,0.07197342411382679
skin_splits,vit_small_patch16_224,0.8873964624613601,2,svm_+I_scorer,0.1861578523571858
skin_splits,densenet121,0.8696020633214172,2,lsq_+I_scorer,-0.24218361327145763
skin_splits,densenet161,0.8887916517351186,2,lsq_+I_scorer,0.8789405557030134
skin_splits,densenet169,0.8821900866175455,2,lsq_+I_scorer,0.32846190279708515
skin_splits,efficientnet_b0,0.8797737251371518,2,lsq_+I_scorer,0.32603872322798655
skin_splits,mobilenetv2_050,0.766613714299033,2,lsq_+I_scorer,-1.5332073596129343
skin_splits,mobilenetv2_100,0.8627503037295365,2,lsq_+I_scorer,-0.1425513915382233
skin_splits,resnet18,0.877213146754537,2,lsq_+I_scorer,-0.44080295389412627
skin_splits,resnet34,0.8713709054782028,2,lsq_+I_scorer,-0.540124931272163
skin_splits,resnet50,0.837430040235059,2,lsq_+I_scorer,-0.0825714907693255
skin_splits,vit_small_patch16_224,0.8873964624613601,2,lsq_+I_scorer,1.44800055863014
sun397,densenet121,0.4972795969773301,397,overall_scorer,0.294812333690843
sun397,densenet161,0.5144584382871537,397,overall_scorer,0.39910155600939656
sun397,densenet169,0.5147103274559194,397,overall_scorer,0.36264963793591437
sun397,efficientnet_b0,0.5225188916876574,397,overall_scorer,0.3140089529426194
sun397,mobilenetv2_050,0.4110327455919396,397,overall_scorer,-2.275225179830303
sun397,mobilenetv2_100,0.5004030226700252,397,overall_scorer,0.2821940351246649
sun397,resnet18,0.4750125944584382,397,overall_scorer,0.12957198358942557
sun397,resnet34,0.4847355163727961,397,overall_scorer,0.17884172435973944
sun397,resnet50,0.5622166246851386,397,overall_scorer,0.05718657609974989
sun397,vit_small_patch16_224,0.666095717884131,397,overall_scorer,0.2568583800779383
sun397,densenet121,0.4972795969773301,397,per_scorer_scorer,0.23402990743176896
sun397,densenet161,0.5144584382871537,397,per_scorer_scorer,0.3943567204637782
sun397,densenet169,0.5147103274559194,397,per_scorer_scorer,0.27659468789674857
sun397,efficientnet_b0,0.5225188916876574,397,per_scorer_scorer,-0.0128992920327438
sun397,mobilenetv2_050,0.4110327455919396,397,per_scorer_scorer,-1.6755740370080483
sun397,mobilenetv2_100,0.5004030226700252,397,per_scorer_scorer,-0.06754297316169176
sun397,resnet18,0.4750125944584382,397,per_scorer_scorer,-0.32714226745527464
sun397,resnet34,0.4847355163727961,397,per_scorer_scorer,-0.0066559827289688345
sun397,resnet50,0.5622166246851386,397,per_scorer_scorer,0.0364424833381962
sun397,vit_small_patch16_224,0.666095717884131,397,per_scorer_scorer,1.1483907532562252
sun397,densenet121,0.4972795969773301,397,per_scorer_dataset_scorer,0.23402990743176902
sun397,densenet161,0.5144584382871537,397,per_scorer_dataset_scorer,0.394356720463778
sun397,densenet169,0.5147103274559194,397,per_scorer_dataset_scorer,0.2765946878967487
sun397,efficientnet_b0,0.5225188916876574,397,per_scorer_dataset_scorer,-0.01289929203274385
sun397,mobilenetv2_050,0.4110327455919396,397,per_scorer_dataset_scorer,-1.675574037008048
sun397,mobilenetv2_100,0.5004030226700252,397,per_scorer_dataset_scorer,-0.06754297316169182
sun397,resnet18,0.4750125944584382,397,per_scorer_dataset_scorer,-0.32714226745527475
sun397,resnet34,0.4847355163727961,397,per_scorer_dataset_scorer,-0.006655982728968825
sun397,resnet50,0.5622166246851386,397,per_scorer_dataset_scorer,0.03644248333819615
sun397,vit_small_patch16_224,0.666095717884131,397,per_scorer_dataset_scorer,1.1483907532562252
sun397,densenet121,0.4972795969773301,397,svm_scorer,0.1895555542819787
sun397,densenet161,0.5144584382871537,397,svm_scorer,0.23840174643809187
sun397,densenet169,0.5147103274559194,397,svm_scorer,0.20202828250146965
sun397,efficientnet_b0,0.5225188916876574,397,svm_scorer,0.08492586457769453
sun397,mobilenetv2_050,0.4110327455919396,397,svm_scorer,0.046961404175717744
sun397,mobilenetv2_100,0.5004030226700252,397,svm_scorer,0.07074476110126807
sun397,resnet18,0.4750125944584382,397,svm_scorer,0.0206520993645809
sun397,resnet34,0.4847355163727961,397,svm_scorer,0.10426950914873215
sun397,resnet50,0.5622166246851386,397,svm_scorer,0.1184563727245041
sun397,vit_small_patch16_224,0.666095717884131,397,svm_scorer,0.2102132097678236
sun397,densenet121,0.4972795969773301,397,lsq_scorer,0.3172193331601282
sun397,densenet161,0.5144584382871537,397,lsq_scorer,0.5201531903236094
sun397,densenet169,0.5147103274559194,397,lsq_scorer,0.35182696860842105
sun397,efficientnet_b0,0.5225188916876574,397,lsq_scorer,-0.10246357547178382
sun397,mobilenetv2_050,0.4110327455919396,397,lsq_scorer,-1.9832138879438093
sun397,mobilenetv2_100,0.5004030226700252,397,lsq_scorer,-0.15176022027499544
sun397,resnet18,0.4750125944584382,397,lsq_scorer,-0.5098233539878071
sun397,resnet34,0.4847355163727961,397,lsq_scorer,-0.02623445346115026
sun397,resnet50,0.5622166246851386,397,lsq_scorer,0.01814504757278336
sun397,vit_small_patch16_224,0.666095717884131,397,lsq_scorer,1.5661509514745944
aircraft,densenet121,0.4713725490196079,100,overall_scorer,0.4220680030567003
aircraft,densenet161,0.5639750445632798,100,overall_scorer,0.5908977915211638
aircraft,densenet169,0.5251693404634581,100,overall_scorer,0.5318221828377317
aircraft,efficientnet_b0,0.5297682709447415,100,overall_scorer,0.1704014447196585
aircraft,mobilenetv2_050,0.2754367201426025,100,overall_scorer,-2.0170898884767428
aircraft,mobilenetv2_100,0.4710516934046345,100,overall_scorer,0.2957914395379257
aircraft,resnet18,0.436969696969697,100,overall_scorer,0.26746054465336594
aircraft,resnet34,0.4572281639928699,100,overall_scorer,-0.010366932634748643
aircraft,resnet50,0.4186452762923352,100,overall_scorer,-0.6469687584281201
aircraft,vit_small_patch16_224,0.565427807486631,100,overall_scorer,0.3959841732130558
aircraft,densenet121,0.4713725490196079,100,per_scorer_scorer,0.4234394508734018
aircraft,densenet161,0.5639750445632798,100,per_scorer_scorer,0.7457309496407739
aircraft,densenet169,0.5251693404634581,100,per_scorer_scorer,0.5023900407871517
aircraft,efficientnet_b0,0.5297682709447415,100,per_scorer_scorer,-0.0825524449979452
aircraft,mobilenetv2_050,0.2754367201426025,100,per_scorer_scorer,-1.7651611306260362
aircraft,mobilenetv2_100,0.4710516934046345,100,per_scorer_scorer,0.047972629265271856
aircraft,resnet18,0.436969696969697,100,per_scorer_scorer,0.0295403930061351
aircraft,resnet34,0.4572281639928699,100,per_scorer_scorer,-0.14985660468362877
aircraft,resnet50,0.4186452762923352,100,per_scorer_scorer,-0.5839084876866004
aircraft,vit_small_patch16_224,0.565427807486631,100,per_scorer_scorer,0.8324052044214657
aircraft,densenet121,0.4713725490196079,100,per_scorer_dataset_scorer,0.42343945087340185
aircraft,densenet161,0.5639750445632798,100,per_scorer_dataset_scorer,0.7457309496407739
aircraft,densenet169,0.5251693404634581,100,per_scorer_dataset_scorer,0.5023900407871518
aircraft,efficientnet_b0,0.5297682709447415,100,per_scorer_dataset_scorer,-0.08255244499794522
aircraft,mobilenetv2_050,0.2754367201426025,100,per_scorer_dataset_scorer,-1.7651611306260366
aircraft,mobilenetv2_100,0.4710516934046345,100,per_scorer_dataset_scorer,0.047972629265271856
aircraft,resnet18,0.436969696969697,100,per_scorer_dataset_scorer,0.029540393006135108
aircraft,resnet34,0.4572281639928699,100,per_scorer_dataset_scorer,-0.1498566046836288
aircraft,resnet50,0.4186452762923352,100,per_scorer_dataset_scorer,-0.5839084876866004
aircraft,vit_small_patch16_224,0.565427807486631,100,per_scorer_dataset_scorer,0.8324052044214658
aircraft,densenet121,0.4713725490196079,100,svm_scorer,0.22472235680425864
aircraft,densenet161,0.5639750445632798,100,svm_scorer,0.2682022175875719
aircraft,densenet169,0.5251693404634581,100,svm_scorer,0.23635989275429367
aircraft,efficientnet_b0,0.5297682709447415,100,svm_scorer,0.06635085652768818
aircraft,mobilenetv2_050,0.2754367201426025,100,svm_scorer,0.038349603193757256
aircraft,mobilenetv2_100,0.4710516934046345,100,svm_scorer,0.09515528744814386
aircraft,resnet18,0.436969696969697,100,svm_scorer,0.08935963484606775
aircraft,resnet34,0.4572281639928699,100,svm_scorer,0.05116378271709193
aircraft,resnet50,0.4186452762923352,100,svm_scorer,0.02611316610555056
aircraft,vit_small_patch16_224,0.565427807486631,100,svm_scorer,0.26030506542570886
aircraft,densenet121,0.4713725490196079,100,lsq_scorer,0.5376875668394273
aircraft,densenet161,0.5639750445632798,100,lsq_scorer,0.9878148447297345
aircraft,densenet169,0.5251693404634581,100,lsq_scorer,0.6313278688616802
aircraft,efficientnet_b0,0.5297682709447415,100,lsq_scorer,-0.18463804550796944
aircraft,mobilenetv2_050,0.2754367201426025,100,lsq_scorer,-2.1553105577314775
aircraft,mobilenetv2_100,0.4710516934046345,100,lsq_scorer,-0.013340805423505592
aircraft,resnet18,0.436969696969697,100,lsq_scorer,-0.027634391577290793
aircraft,resnet34,0.4572281639928699,100,lsq_scorer,-0.2306443150827291
aircraft,resnet50,0.4186452762923352,100,lsq_scorer,-0.7239519624196254
aircraft,vit_small_patch16_224,0.565427807486631,100,lsq_scorer,1.1786897973117456
caltech101,densenet121,0.8815445752305655,102,overall_scorer,0.2589827366095269
caltech101,densenet161,0.8829722380342162,102,overall_scorer,0.4912885289104001
caltech101,densenet169,0.8758115275142656,102,overall_scorer,0.4047322848212569
caltech101,efficientnet_b0,0.8765689914873004,102,overall_scorer,0.3408038179731465
caltech101,mobilenetv2_050,0.7402435857011531,102,overall_scorer,-2.2060811328372254
caltech101,mobilenetv2_100,0.832364617775022,102,overall_scorer,0.3026289592795833
caltech101,resnet18,0.8249618148343529,102,overall_scorer,0.006464929555453994
caltech101,resnet34,0.8647097209885856,102,overall_scorer,0.039237804359297905
caltech101,resnet50,0.8786984754059276,102,overall_scorer,0.31902383441831594
caltech101,vit_small_patch16_224,0.9325890758913568,102,overall_scorer,0.0429182369102343
caltech101,densenet121,0.8815445752305655,102,per_scorer_scorer,0.37909670210599783
caltech101,densenet161,0.8829722380342162,102,per_scorer_scorer,0.5372173254924983
caltech101,densenet169,0.8758115275142656,102,per_scorer_scorer,0.37095467890760153
caltech101,efficientnet_b0,0.8765689914873004,102,per_scorer_scorer,0.020281606442010935
caltech101,mobilenetv2_050,0.7402435857011531,102,per_scorer_scorer,-1.7909162755770154
caltech101,mobilenetv2_100,0.832364617775022,102,per_scorer_scorer,-0.06233036580992205
caltech101,resnet18,0.8249618148343529,102,per_scorer_scorer,-0.46264001635607616
caltech101,resnet34,0.8647097209885856,102,per_scorer_scorer,-0.030726756322588863
caltech101,resnet50,0.8786984754059276,102,per_scorer_scorer,0.18233998800364823
caltech101,vit_small_patch16_224,0.9325890758913568,102,per_scorer_scorer,0.8567231131138363
caltech101,densenet121,0.8815445752305655,102,per_scorer_dataset_scorer,0.3790967021059979
caltech101,densenet161,0.8829722380342162,102,per_scorer_dataset_scorer,0.5372173254924983
caltech101,densenet169,0.8758115275142656,102,per_scorer_dataset_scorer,0.3709546789076015
caltech101,efficientnet_b0,0.8765689914873004,102,per_scorer_dataset_scorer,0.020281606442010883
caltech101,mobilenetv2_050,0.7402435857011531,102,per_scorer_dataset_scorer,-1.7909162755770154
caltech101,mobilenetv2_100,0.832364617775022,102,per_scorer_dataset_scorer,-0.062330365809922045
caltech101,resnet18,0.8249618148343529,102,per_scorer_dataset_scorer,-0.4626400163560762
caltech101,resnet34,0.8647097209885856,102,per_scorer_dataset_scorer,-0.030726756322588825
caltech101,resnet50,0.8786984754059276,102,per_scorer_dataset_scorer,0.18233998800364817
caltech101,vit_small_patch16_224,0.9325890758913568,102,per_scorer_dataset_scorer,0.8567231131138365
caltech101,densenet121,0.8815445752305655,102,svm_scorer,0.18494027337972577
caltech101,densenet161,0.8829722380342162,102,svm_scorer,0.2152876409157109
caltech101,densenet169,0.8758115275142656,102,svm_scorer,0.17587210520684624
caltech101,efficientnet_b0,0.8765689914873004,102,svm_scorer,0.05530616422985298
caltech101,mobilenetv2_050,0.7402435857011531,102,svm_scorer,0.0026046751214240382
caltech101,mobilenetv2_100,0.832364617775022,102,svm_scorer,0.03144355164990698
caltech101,resnet18,0.8249618148343529,102,svm_scorer,-0.011376610978570317
caltech101,resnet34,0.8647097209885856,102,svm_scorer,0.05857388016654906
caltech101,resnet50,0.8786984754059276,102,svm_scorer,0.1127541606307525
caltech101,vit_small_patch16_224,0.9325890758913568,102,svm_scorer,0.20097496455323316
caltech101,densenet121,0.8815445752305655,102,lsq_scorer,0.5115360171263542
caltech101,densenet161,0.8829722380342162,102,lsq_scorer,0.6887545229714642
caltech101,densenet169,0.8758115275142656,102,lsq_scorer,0.458351888099413
caltech101,efficientnet_b0,0.8765689914873004,102,lsq_scorer,-0.06425090159700353
caltech101,mobilenetv2_050,0.7402435857011531,102,lsq_scorer,-2.1375594491277674
caltech101,mobilenetv2_100,0.832364617775022,102,lsq_scorer,-0.1757741459709137
caltech101,resnet18,0.8249618148343529,102,lsq_scorer,-0.7051136454983413
caltech101,resnet34,0.8647097209885856,102,lsq_scorer,-0.05668153305533744
caltech101,resnet50,0.8786984754059276,102,lsq_scorer,0.19161977703539393
caltech101,vit_small_patch16_224,0.9325890758913568,102,lsq_scorer,1.2891174700167292
oxfordpets,densenet121,0.8749529978927144,37,overall_scorer,0.2477823568338567
oxfordpets,densenet161,0.9091687679792296,37,overall_scorer,0.4013778340180261
oxfordpets,densenet169,0.88930303093936,37,overall_scorer,0.34953599909176036
oxfordpets,efficientnet_b0,0.885601714709954,37,overall_scorer,0.30496399679473646
oxfordpets,mobilenetv2_050,0.732783644033913,37,overall_scorer,-2.2288389071354557
oxfordpets,mobilenetv2_100,0.8584925162348174,37,overall_scorer,0.26099468060109654
oxfordpets,resnet18,0.8580522388049154,37,overall_scorer,0.11907605717386797
oxfordpets,resnet34,0.8813056148657081,37,overall_scorer,0.14974373851555975
oxfordpets,resnet50,0.9051590955642684,37,overall_scorer,0.25067163190553465
oxfordpets,vit_small_patch16_224,0.9204170877115228,37,overall_scorer,0.14469261220100632
oxfordpets,densenet121,0.8749529978927144,37,per_scorer_scorer,0.24613275389546763
oxfordpets,densenet161,0.9091687679792296,37,per_scorer_scorer,0.5063761494730353
oxfordpets,densenet169,0.88930303093936,37,per_scorer_scorer,0.34082738620531033
oxfordpets,efficientnet_b0,0.885601714709954,37,per_scorer_scorer,0.06101686428166234
oxfordpets,mobilenetv2_050,0.732783644033913,37,per_scorer_scorer,-1.9722598131856224
oxfordpets,mobilenetv2_100,0.8584925162348174,37,per_scorer_scorer,-0.09713137673426925
oxfordpets,resnet18,0.8580522388049154,37,per_scorer_scorer,-0.18940395769317622
oxfordpets,resnet34,0.8813056148657081,37,per_scorer_scorer,0.09208308414913956
oxfordpets,resnet50,0.9051590955642684,37,per_scorer_scorer,0.38725027478944063
oxfordpets,vit_small_patch16_224,0.9204170877115228,37,per_scorer_scorer,0.6251086348189997
oxfordpets,densenet121,0.8749529978927144,37,per_scorer_dataset_scorer,0.24613275389546774
oxfordpets,densenet161,0.9091687679792296,37,per_scorer_dataset_scorer,0.5063761494730354
oxfordpets,densenet169,0.88930303093936,37,per_scorer_dataset_scorer,0.34082738620531033
oxfordpets,efficientnet_b0,0.885601714709954,37,per_scorer_dataset_scorer,0.061016864281662274
oxfordpets,mobilenetv2_050,0.732783644033913,37,per_scorer_dataset_scorer,-1.9722598131856228
oxfordpets,mobilenetv2_100,0.8584925162348174,37,per_scorer_dataset_scorer,-0.09713137673426929
oxfordpets,resnet18,0.8580522388049154,37,per_scorer_dataset_scorer,-0.1894039576931763
oxfordpets,resnet34,0.8813056148657081,37,per_scorer_dataset_scorer,0.09208308414913952
oxfordpets,resnet50,0.9051590955642684,37,per_scorer_dataset_scorer,0.38725027478944063
oxfordpets,vit_small_patch16_224,0.9204170877115228,37,per_scorer_dataset_scorer,0.6251086348189999
oxfordpets,densenet121,0.8749529978927144,37,svm_scorer,0.1471456924098268
oxfordpets,densenet161,0.9091687679792296,37,svm_scorer,0.21834830603659672
oxfordpets,densenet169,0.88930303093936,37,svm_scorer,0.17519356050433915
oxfordpets,efficientnet_b0,0.885601714709954,37,svm_scorer,0.0747727450313115
oxfordpets,mobilenetv2_050,0.732783644033913,37,svm_scorer,0.016458731424445316
oxfordpets,mobilenetv2_100,0.8584925162348174,37,svm_scorer,0.03276309850755437
oxfordpets,resnet18,0.8580522388049154,37,svm_scorer,0.01702390048068167
oxfordpets,resnet34,0.8813056148657081,37,svm_scorer,0.09407649768465816
oxfordpets,resnet50,0.9051590955642684,37,svm_scorer,0.1713499944980711
oxfordpets,vit_small_patch16_224,0.9204170877115228,37,svm_scorer,0.23225917153209472
oxfordpets,densenet121,0.8749529978927144,37,lsq_scorer,0.31525437179365484
oxfordpets,densenet161,0.9091687679792296,37,lsq_scorer,0.6675466215540993
oxfordpets,densenet169,0.88930303093936,37,lsq_scorer,0.4290028164839913
oxfordpets,efficientnet_b0,0.885601714709954,37,lsq_scorer,0.006375762424257304
oxfordpets,mobilenetv2_050,0.732783644033913,37,lsq_scorer,-2.413155869628514
oxfordpets,mobilenetv2_100,0.8584925162348174,37,lsq_scorer,-0.21799974611958572
oxfordpets,resnet18,0.8580522388049154,37,lsq_scorer,-0.32163571641630384
oxfordpets,resnet34,0.8813056148657081,37,lsq_scorer,0.096294125262502
oxfordpets,resnet50,0.9051590955642684,37,lsq_scorer,0.5185018122148285
oxfordpets,vit_small_patch16_224,0.9204170877115228,37,lsq_scorer,0.9198158224310572
flowers102,densenet121,0.858917660516678,102,overall_scorer,0.21332423715249446
flowers102,densenet161,0.9144551533143834,102,overall_scorer,0.6836930178146036
flowers102,densenet169,0.8957135720878885,102,overall_scorer,0.5128633982200386
flowers102,efficientnet_b0,0.8851406795994877,102,overall_scorer,0.39963339165898576
flowers102,mobilenetv2_050,0.7601569893406188,102,overall_scorer,-2.144113171823548
flowers102,mobilenetv2_100,0.8648456641679183,102,overall_scorer,0.39730532885824604
flowers102,resnet18,0.8643704787540395,102,overall_scorer,-0.16694563647342803
flowers102,resnet34,0.8527516726532692,102,overall_scorer,-0.25238586503100274
flowers102,resnet50,0.8035061471145255,102,overall_scorer,0.19843607365048643
flowers102,vit_small_patch16_224,0.9885636935860358,102,overall_scorer,0.15818922597311752
flowers102,densenet121,0.858917660516678,102,per_scorer_scorer,0.398588613020275
flowers102,densenet161,0.9144551533143834,102,per_scorer_scorer,0.5122872863719826
flowers102,densenet169,0.8957135720878885,102,per_scorer_scorer,0.3038515568589395
flowers102,efficientnet_b0,0.8851406795994877,102,per_scorer_scorer,-0.020061585252459324
flowers102,mobilenetv2_050,0.7601569893406188,102,per_scorer_scorer,-1.5310407110095658
flowers102,mobilenetv2_100,0.8648456641679183,102,per_scorer_scorer,0.04336182304075542
flowers102,resnet18,0.8643704787540395,102,per_scorer_scorer,-0.29215801314372575
flowers102,resnet34,0.8527516726532692,102,per_scorer_scorer,-0.3116947314811618
flowers102,resnet50,0.8035061471145255,102,per_scorer_scorer,-0.15753524278005485
flowers102,vit_small_patch16_224,0.9885636935860358,102,per_scorer_scorer,1.0544010043750058
flowers102,densenet121,0.858917660516678,102,per_scorer_dataset_scorer,0.39858861302027526
flowers102,densenet161,0.9144551533143834,102,per_scorer_dataset_scorer,0.5122872863719828
flowers102,densenet169,0.8957135720878885,102,per_scorer_dataset_scorer,0.3038515568589395
flowers102,efficientnet_b0,0.8851406795994877,102,per_scorer_dataset_scorer,-0.02006158525245944
flowers102,mobilenetv2_050,0.7601569893406188,102,per_scorer_dataset_scorer,-1.5310407110095658
flowers102,mobilenetv2_100,0.8648456641679183,102,per_scorer_dataset_scorer,0.04336182304075535
flowers102,resnet18,0.8643704787540395,102,per_scorer_dataset_scorer,-0.2921580131437258
flowers102,resnet34,0.8527516726532692,102,per_scorer_dataset_scorer,-0.3116947314811616
flowers102,resnet50,0.8035061471145255,102,per_scorer_dataset_scorer,-0.1575352427800549
flowers102,vit_small_patch16_224,0.9885636935860358,102,per_scorer_dataset_scorer,1.0544010043750056
flowers102,densenet121,0.858917660516678,102,svm_scorer,0.22093948949714237
flowers102,densenet161,0.9144551533143834,102,svm_scorer,0.22062500756274844
flowers102,densenet169,0.8957135720878885,102,svm_scorer,0.17011281133363032
flowers102,efficientnet_b0,0.8851406795994877,102,svm_scorer,0.06662255897340516
flowers102,mobilenetv2_050,0.7601569893406188,102,svm_scorer,0.044878841565999736
flowers102,mobilenetv2_100,0.8648456641679183,102,svm_scorer,0.08384004937790526
flowers102,resnet18,0.8643704787540395,102,svm_scorer,0.03028683531675662
flowers102,resnet34,0.8527516726532692,102,svm_scorer,0.06448727751579508
flowers102,resnet50,0.8035061471145255,102,svm_scorer,0.03631966020029949
flowers102,vit_small_patch16_224,0.9885636935860358,102,svm_scorer,0.19856964108637848
flowers102,densenet121,0.858917660516678,102,lsq_scorer,0.5500623240365212
flowers102,densenet161,0.9144551533143834,102,lsq_scorer,0.5993141004108631
flowers102,densenet169,0.8957135720878885,102,lsq_scorer,0.3329979310112046
flowers102,efficientnet_b0,0.8851406795994877,102,lsq_scorer,-0.13519073467954235
flowers102,mobilenetv2_050,0.7601569893406188,102,lsq_scorer,-1.755060553530941
flowers102,mobilenetv2_100,0.8648456641679183,102,lsq_scorer,-0.03693692811583323
flowers102,resnet18,0.8643704787540395,102,lsq_scorer,-0.39546508603165653
flowers102,resnet34,0.8527516726532692,102,lsq_scorer,-0.37802461330672665
flowers102,resnet50,0.8035061471145255,102,lsq_scorer,-0.2817558710820039
flowers102,vit_small_patch16_224,0.9885636935860358,102,lsq_scorer,1.5000594312881057
dtd,densenet121,0.6771276595744681,47,overall_scorer,0.2802391647019329
dtd,densenet161,0.7074468085106383,47,overall_scorer,0.47052983312529356
dtd,densenet169,0.6867021276595746,47,overall_scorer,0.4081570129685972
dtd,efficientnet_b0,0.6606382978723404,47,overall_scorer,0.3355284060417917
dtd,mobilenetv2_050,0.5957446808510638,47,overall_scorer,-2.254517497921721
dtd,mobilenetv2_100,0.6638297872340426,47,overall_scorer,0.31472274036586156
dtd,resnet18,0.6361702127659573,47,overall_scorer,0.029130275090442498
dtd,resnet34,0.653723404255319,47,overall_scorer,0.10043764249970297
dtd,resnet50,0.6670212765957448,47,overall_scorer,0.142876658100231
dtd,vit_small_patch16_224,0.7585106382978725,47,overall_scorer,0.1728957650278541
dtd,densenet121,0.6771276595744681,47,per_scorer_scorer,0.39117590923590484
dtd,densenet161,0.7074468085106383,47,per_scorer_scorer,0.4380412745351681
dtd,densenet169,0.6867021276595746,47,per_scorer_scorer,0.32722700128867893
dtd,efficientnet_b0,0.6606382978723404,47,per_scorer_scorer,0.023595408398334156
dtd,mobilenetv2_050,0.5957446808510638,47,per_scorer_scorer,-1.8635998638954085
dtd,mobilenetv2_100,0.6638297872340426,47,per_scorer_scorer,0.019288192371407508
dtd,resnet18,0.6361702127659573,47,per_scorer_scorer,-0.45306679008922107
dtd,resnet34,0.653723404255319,47,per_scorer_scorer,0.1512106943635444
dtd,resnet50,0.6670212765957448,47,per_scorer_scorer,0.22824718007051104
dtd,vit_small_patch16_224,0.7585106382978725,47,per_scorer_scorer,0.7378809937210694
dtd,densenet121,0.6771276595744681,47,per_scorer_dataset_scorer,0.3911759092359049
dtd,densenet161,0.7074468085106383,47,per_scorer_dataset_scorer,0.43804127453516806
dtd,densenet169,0.6867021276595746,47,per_scorer_dataset_scorer,0.32722700128867893
dtd,efficientnet_b0,0.6606382978723404,47,per_scorer_dataset_scorer,0.023595408398334065
dtd,mobilenetv2_050,0.5957446808510638,47,per_scorer_dataset_scorer,-1.8635998638954083
dtd,mobilenetv2_100,0.6638297872340426,47,per_scorer_dataset_scorer,0.019288192371407456
dtd,resnet18,0.6361702127659573,47,per_scorer_dataset_scorer,-0.4530667900892212
dtd,resnet34,0.653723404255319,47,per_scorer_dataset_scorer,0.15121069436354456
dtd,resnet50,0.6670212765957448,47,per_scorer_dataset_scorer,0.22824718007051098
dtd,vit_small_patch16_224,0.7585106382978725,47,per_scorer_dataset_scorer,0.7378809937210693
dtd,densenet121,0.6771276595744681,47,svm_scorer,0.21979496986325192
dtd,densenet161,0.7074468085106383,47,svm_scorer,0.22055036922663457
dtd,densenet169,0.6867021276595746,47,svm_scorer,0.19247649958748636
dtd,efficientnet_b0,0.6606382978723404,47,svm_scorer,0.08758750684297936
dtd,mobilenetv2_050,0.5957446808510638,47,svm_scorer,0.032779787930893686
dtd,mobilenetv2_100,0.6638297872340426,47,svm_scorer,0.08489275616751799
dtd,resnet18,0.6361702127659573,47,svm_scorer,0.01656246546388658
dtd,resnet34,0.653723404255319,47,svm_scorer,0.14552347105981484
dtd,resnet50,0.6670212765957448,47,svm_scorer,0.1716501619097647
dtd,vit_small_patch16_224,0.7585106382978725,47,svm_scorer,0.23190387383461453
dtd,densenet121,0.6771276595744681,47,lsq_scorer,0.5245631661573217
dtd,densenet161,0.7074468085106383,47,lsq_scorer,0.5528494228167096
dtd,densenet169,0.6867021276595746,47,lsq_scorer,0.40013171394470287
dtd,efficientnet_b0,0.6606382978723404,47,lsq_scorer,-0.041977066021014066
dtd,mobilenetv2_050,0.5957446808510638,47,lsq_scorer,-2.2481316754899607
dtd,mobilenetv2_100,0.6638297872340426,47,lsq_scorer,-0.03582342854859212
dtd,resnet18,0.6361702127659573,47,lsq_scorer,-0.6760743902514679
dtd,resnet34,0.653723404255319,47,lsq_scorer,0.2251310446118978
dtd,resnet50,0.6670212765957448,47,lsq_scorer,0.28722677518504974
dtd,vit_small_patch16_224,0.7585106382978725,47,lsq_scorer,1.0121044375953427
stanfordcars,densenet121,0.7406016547474712,196,overall_scorer,0.36465604834828247
stanfordcars,densenet161,0.8046838576698639,196,overall_scorer,0.4913311740387364
stanfordcars,densenet169,0.786676674214534,196,overall_scorer,0.4459330294592494
stanfordcars,efficientnet_b0,0.7527618989500439,196,overall_scorer,0.29736591444706006
stanfordcars,mobilenetv2_050,0.437272996655256,196,overall_scorer,-2.1567244839913178
stanfordcars,mobilenetv2_100,0.7278765181351872,196,overall_scorer,0.2732997847452187
stanfordcars,resnet18,0.6828571304635248,196,overall_scorer,0.1480771219941791
stanfordcars,resnet34,0.7015844780125411,196,overall_scorer,0.14367350685681993
stanfordcars,resnet50,0.6840747116540279,196,overall_scorer,-0.30216459049494754
stanfordcars,vit_small_patch16_224,0.7896935435587035,196,overall_scorer,0.29455249459670696
stanfordcars,densenet121,0.7406016547474712,196,per_scorer_scorer,0.3801283724617077
stanfordcars,densenet161,0.8046838576698639,196,per_scorer_scorer,0.7953754954455342
stanfordcars,densenet169,0.786676674214534,196,per_scorer_scorer,0.519465091253685
stanfordcars,efficientnet_b0,0.7527618989500439,196,per_scorer_scorer,0.0764147138629363
stanfordcars,mobilenetv2_050,0.437272996655256,196,per_scorer_scorer,-1.7691761684062113
stanfordcars,mobilenetv2_100,0.7278765181351872,196,per_scorer_scorer,0.14524708110949214
stanfordcars,resnet18,0.6828571304635248,196,per_scorer_scorer,-0.11999989652890243
stanfordcars,resnet34,0.7015844780125411,196,per_scorer_scorer,-0.2398223797141257
stanfordcars,resnet50,0.6840747116540279,196,per_scorer_scorer,-0.47724865836924774
stanfordcars,vit_small_patch16_224,0.7896935435587035,196,per_scorer_scorer,0.689616348885119
stanfordcars,densenet121,0.7406016547474712,196,per_scorer_dataset_scorer,0.38012837246170794
stanfordcars,densenet161,0.8046838576698639,196,per_scorer_dataset_scorer,0.7953754954455344
stanfordcars,densenet169,0.786676674214534,196,per_scorer_dataset_scorer,0.5194650912536853
stanfordcars,efficientnet_b0,0.7527618989500439,196,per_scorer_dataset_scorer,0.07641471386293626
stanfordcars,mobilenetv2_050,0.437272996655256,196,per_scorer_dataset_scorer,-1.7691761684062117
stanfordcars,mobilenetv2_100,0.7278765181351872,196,per_scorer_dataset_scorer,0.1452470811094921
stanfordcars,resnet18,0.6828571304635248,196,per_scorer_dataset_scorer,-0.11999989652890251
stanfordcars,resnet34,0.7015844780125411,196,per_scorer_dataset_scorer,-0.23982237971412582
stanfordcars,resnet50,0.6840747116540279,196,per_scorer_dataset_scorer,-0.47724865836924785
stanfordcars,vit_small_patch16_224,0.7896935435587035,196,per_scorer_dataset_scorer,0.6896163488851195
stanfordcars,densenet121,0.7406016547474712,196,svm_scorer,0.20553507162583165
stanfordcars,densenet161,0.8046838576698639,196,svm_scorer,0.260948523284824
stanfordcars,densenet169,0.786676674214534,196,svm_scorer,0.23717004269134934
stanfordcars,efficientnet_b0,0.7527618989500439,196,svm_scorer,0.0999255096429872
stanfordcars,mobilenetv2_050,0.437272996655256,196,svm_scorer,0.030674113969957506
stanfordcars,mobilenetv2_100,0.7278765181351872,196,svm_scorer,0.12385481978827319
stanfordcars,resnet18,0.6828571304635248,196,svm_scorer,0.050007039777124285
stanfordcars,resnet34,0.7015844780125411,196,svm_scorer,0.02443497134577878
stanfordcars,resnet50,0.6840747116540279,196,svm_scorer,0.012440174732860576
stanfordcars,vit_small_patch16_224,0.7896935435587035,196,svm_scorer,0.2545400773293788
stanfordcars,densenet121,0.7406016547474712,196,lsq_scorer,0.4870194264216519
stanfordcars,densenet161,0.8046838576698639,196,lsq_scorer,1.0967150209015746
stanfordcars,densenet169,0.786676674214534,196,lsq_scorer,0.6802822493596538
stanfordcars,efficientnet_b0,0.7527618989500439,196,lsq_scorer,0.023071517249920296
stanfordcars,mobilenetv2_050,0.437272996655256,196,lsq_scorer,-2.107735635863427
stanfordcars,mobilenetv2_100,0.7278765181351872,196,lsq_scorer,0.13724603966463514
stanfordcars,resnet18,0.6828571304635248,196,lsq_scorer,-0.23804340798471327
stanfordcars,resnet34,0.7015844780125411,196,lsq_scorer,-0.41551928800703813
stanfordcars,resnet50,0.6840747116540279,196,lsq_scorer,-0.6581516842760221
stanfordcars,vit_small_patch16_224,0.7896935435587035,196,lsq_scorer,0.9951157625337524
voc2007,densenet121,0.7514751466188293,20,overall_scorer,0.3264991049042937
voc2007,densenet161,0.7688094865635919,20,overall_scorer,0.39709126882903517
voc2007,densenet169,0.7616642285292048,20,overall_scorer,0.3635012446883088
voc2007,efficientnet_b0,0.7380492948126209,20,overall_scorer,0.2963259828427021
voc2007,mobilenetv2_050,0.6371678224743836,20,overall_scorer,-2.232786869151941
voc2007,mobilenetv2_100,0.7254279118088733,20,overall_scorer,0.26371143670848934
voc2007,resnet18,0.710734045583304,20,overall_scorer,0.10017630631937585
voc2007,resnet34,0.731867486891484,20,overall_scorer,0.18637680412426033
voc2007,resnet50,0.7792620193279538,20,overall_scorer,0.061414284113294505
voc2007,vit_small_patch16_224,0.8150206970442622,20,overall_scorer,0.2376904366221666
voc2007,densenet121,0.7514751466188293,20,per_scorer_scorer,0.4118734144941178
voc2007,densenet161,0.7688094865635919,20,per_scorer_scorer,0.4376115429419949
voc2007,densenet169,0.7616642285292048,20,per_scorer_scorer,0.35055334929695786
voc2007,efficientnet_b0,0.7380492948126209,20,per_scorer_scorer,-0.06073392383606937
voc2007,mobilenetv2_050,0.6371678224743836,20,per_scorer_scorer,-1.9262984644345575
voc2007,mobilenetv2_100,0.7254279118088733,20,per_scorer_scorer,-0.12862454748684024
voc2007,resnet18,0.710734045583304,20,per_scorer_scorer,-0.2466143770461677
voc2007,resnet34,0.731867486891484,20,per_scorer_scorer,0.06169049918949299
voc2007,resnet50,0.7792620193279538,20,per_scorer_scorer,0.3039598518033343
voc2007,vit_small_patch16_224,0.8150206970442622,20,per_scorer_scorer,0.796582655077724
voc2007,densenet121,0.7514751466188293,20,per_scorer_dataset_scorer,0.41187341449411796
voc2007,densenet161,0.7688094865635919,20,per_scorer_dataset_scorer,0.4376115429419949
voc2007,densenet169,0.7616642285292048,20,per_scorer_dataset_scorer,0.350553349296958
voc2007,efficientnet_b0,0.7380492948126209,20,per_scorer_dataset_scorer,-0.06073392383606936
voc2007,mobilenetv2_050,0.6371678224743836,20,per_scorer_dataset_scorer,-1.9262984644345578
voc2007,mobilenetv2_100,0.7254279118088733,20,per_scorer_dataset_scorer,-0.12862454748684024
voc2007,resnet18,0.710734045583304,20,per_scorer_dataset_scorer,-0.24661437704616776
voc2007,resnet34,0.731867486891484,20,per_scorer_dataset_scorer,0.061690499189493014
voc2007,resnet50,0.7792620193279538,20,per_scorer_dataset_scorer,0.30395985180333435
voc2007,vit_small_patch16_224,0.8150206970442622,20,per_scorer_dataset_scorer,0.7965826550777243
voc2007,densenet121,0.7514751466188293,20,svm_scorer,0.21856216912391466
voc2007,densenet161,0.7688094865635919,20,svm_scorer,0.2196930921135064
voc2007,densenet169,0.7616642285292048,20,svm_scorer,0.19849384154288174
voc2007,efficientnet_b0,0.7380492948126209,20,svm_scorer,0.060842134654503846
voc2007,mobilenetv2_050,0.6371678224743836,20,svm_scorer,0.029262347444927686
voc2007,mobilenetv2_100,0.7254279118088733,20,svm_scorer,0.04227299644397922
voc2007,resnet18,0.710734045583304,20,svm_scorer,0.02362520495329734
voc2007,resnet34,0.731867486891484,20,svm_scorer,0.10531419141021331
voc2007,resnet50,0.7792620193279538,20,svm_scorer,0.1807938233426933
voc2007,vit_small_patch16_224,0.8150206970442622,20,svm_scorer,0.25750435584942516
voc2007,densenet121,0.7514751466188293,20,lsq_scorer,0.5389901614266073
voc2007,densenet161,0.7688094865635919,20,lsq_scorer,0.5610841554834117
voc2007,densenet169,0.7616642285292048,20,lsq_scorer,0.4390489793248041
voc2007,efficientnet_b0,0.7380492948126209,20,lsq_scorer,-0.15869655426091936
voc2007,mobilenetv2_050,0.6371678224743836,20,lsq_scorer,-2.35905107059449
voc2007,mobilenetv2_100,0.7254279118088733,20,lsq_scorer,-0.2526512826692943
voc2007,resnet18,0.710734045583304,20,lsq_scorer,-0.3908864406266409
voc2007,resnet34,0.731867486891484,20,lsq_scorer,0.04918329809987148
voc2007,resnet50,0.7792620193279538,20,lsq_scorer,0.43957381067010926
voc2007,vit_small_patch16_224,0.8150206970442622,20,lsq_scorer,1.133404943146528
brain_tumor_kaggle,densenet121,0.7614071680376029,4,overall_scorer,0.40612336404620275
brain_tumor_kaggle,densenet161,0.7662720329024677,4,overall_scorer,0.4833243107046911
brain_tumor_kaggle,densenet169,0.7694594594594595,4,overall_scorer,0.44836507226481576
brain_tumor_kaggle,efficientnet_b0,0.7525675675675676,4,overall_scorer,0.3453531539970806
brain_tumor_kaggle,mobilenetv2_050,0.6845565441217615,4,overall_scorer,-2.1886117262883844
brain_tumor_kaggle,mobilenetv2_100,0.7517890716803761,4,overall_scorer,0.3031097077917896
brain_tumor_kaggle,resnet18,0.7461368977673326,4,overall_scorer,0.06652872529714493
brain_tumor_kaggle,resnet34,0.7820945945945946,4,overall_scorer,0.16185466085760078
brain_tumor_kaggle,resnet50,0.7499324324324325,4,overall_scorer,-0.41862376393425416
brain_tumor_kaggle,vit_small_patch16_224,0.7562720329024677,4,overall_scorer,0.39257649526329996
brain_tumor_kaggle,densenet121,0.7614071680376029,4,per_scorer_scorer,0.36751105035482073
brain_tumor_kaggle,densenet161,0.7662720329024677,4,per_scorer_scorer,0.7009402714781242
brain_tumor_kaggle,densenet169,0.7694594594594595,4,per_scorer_scorer,0.47021575303243673
brain_tumor_kaggle,efficientnet_b0,0.7525675675675676,4,per_scorer_scorer,0.29263777669708047
brain_tumor_kaggle,mobilenetv2_050,0.6845565441217615,4,per_scorer_scorer,-1.5422019748565716
brain_tumor_kaggle,mobilenetv2_100,0.7517890716803761,4,per_scorer_scorer,0.31131845692121585
brain_tumor_kaggle,resnet18,0.7461368977673326,4,per_scorer_scorer,-0.47825904236247174
brain_tumor_kaggle,resnet34,0.7820945945945946,4,per_scorer_scorer,-0.20350864578263317
brain_tumor_kaggle,resnet50,0.7499324324324325,4,per_scorer_scorer,-0.49278289170858125
brain_tumor_kaggle,vit_small_patch16_224,0.7562720329024677,4,per_scorer_scorer,0.5741292462265662
brain_tumor_kaggle,densenet121,0.7614071680376029,4,per_scorer_dataset_scorer,0.36751105035482096
brain_tumor_kaggle,densenet161,0.7662720329024677,4,per_scorer_dataset_scorer,0.7009402714781242
brain_tumor_kaggle,densenet169,0.7694594594594595,4,per_scorer_dataset_scorer,0.47021575303243696
brain_tumor_kaggle,efficientnet_b0,0.7525675675675676,4,per_scorer_dataset_scorer,0.2926377766970802
brain_tumor_kaggle,mobilenetv2_050,0.6845565441217615,4,per_scorer_dataset_scorer,-1.5422019748565716
brain_tumor_kaggle,mobilenetv2_100,0.7517890716803761,4,per_scorer_dataset_scorer,0.31131845692121574
brain_tumor_kaggle,resnet18,0.7461368977673326,4,per_scorer_dataset_scorer,-0.47825904236247163
brain_tumor_kaggle,resnet34,0.7820945945945946,4,per_scorer_dataset_scorer,-0.20350864578263295
brain_tumor_kaggle,resnet50,0.7499324324324325,4,per_scorer_dataset_scorer,-0.49278289170858114
brain_tumor_kaggle,vit_small_patch16_224,0.7562720329024677,4,per_scorer_dataset_scorer,0.5741292462265662
brain_tumor_kaggle,densenet121,0.7614071680376029,4,svm_scorer,0.17851450825377957
brain_tumor_kaggle,densenet161,0.7662720329024677,4,svm_scorer,0.2748642513314036
brain_tumor_kaggle,densenet169,0.7694594594594595,4,svm_scorer,0.23346851657454204
brain_tumor_kaggle,efficientnet_b0,0.7525675675675676,4,svm_scorer,0.16336219550281308
brain_tumor_kaggle,mobilenetv2_050,0.6845565441217615,4,svm_scorer,0.04834831470930516
brain_tumor_kaggle,mobilenetv2_100,0.7517890716803761,4,svm_scorer,0.18177993319118016
brain_tumor_kaggle,resnet18,0.7461368977673326,4,svm_scorer,0.017925717599166266
brain_tumor_kaggle,resnet34,0.7820945945945946,4,svm_scorer,0.04923867539506227
brain_tumor_kaggle,resnet50,0.7499324324324325,4,svm_scorer,0.014098852669140932
brain_tumor_kaggle,vit_small_patch16_224,0.7562720329024677,4,svm_scorer,0.2642341448531289
brain_tumor_kaggle,densenet121,0.7614071680376029,4,lsq_scorer,0.32198070006800583
brain_tumor_kaggle,densenet161,0.7662720329024677,4,lsq_scorer,0.966604438938175
brain_tumor_kaggle,densenet169,0.7694594594594595,4,lsq_scorer,0.5584748656006924
brain_tumor_kaggle,efficientnet_b0,0.7525675675675676,4,lsq_scorer,0.47352241435608244
brain_tumor_kaggle,mobilenetv2_050,0.6845565441217615,4,lsq_scorer,-1.5878296025935634
brain_tumor_kaggle,mobilenetv2_100,0.7517890716803761,4,lsq_scorer,0.4748869141588308
brain_tumor_kaggle,resnet18,0.7461368977673326,4,lsq_scorer,-0.8598374652345776
brain_tumor_kaggle,resnet34,0.7820945945945946,4,lsq_scorer,-0.49723541589208603
brain_tumor_kaggle,resnet50,0.7499324324324325,4,lsq_scorer,-0.6220217807800447
brain_tumor_kaggle,vit_small_patch16_224,0.7562720329024677,4,lsq_scorer,0.7714549313784724
breakhis,densenet121,0.98472168599793,2,overall_scorer,0.5687003941816915
breakhis,densenet161,0.9880595689300466,2,overall_scorer,0.6407666310696397
breakhis,densenet169,0.9894933269530196,2,overall_scorer,0.5216884206849823
breakhis,efficientnet_b0,0.9861327866564435,2,overall_scorer,0.7243396557964913
breakhis,mobilenetv2_050,0.9563582908734324,2,overall_scorer,-1.9265808388276884
breakhis,mobilenetv2_100,0.9804204119290116,2,overall_scorer,0.4844588843408096
breakhis,resnet18,0.9818994846809028,2,overall_scorer,-0.41316416096953984
breakhis,resnet34,0.990456718089821,2,overall_scorer,-0.3917108691948707
breakhis,resnet50,0.97369933133586,2,overall_scorer,-0.06798173802223706
breakhis,vit_small_patch16_224,0.9909270849759922,2,overall_scorer,-0.1405163790592823
breakhis,densenet121,0.98472168599793,2,per_scorer_scorer,0.5542005691063906
breakhis,densenet161,0.9880595689300466,2,per_scorer_scorer,0.6510771053751946
breakhis,densenet169,0.9894933269530196,2,per_scorer_scorer,0.4960585864370249
breakhis,efficientnet_b0,0.9861327866564435,2,per_scorer_scorer,0.21158436692175045
breakhis,mobilenetv2_050,0.9563582908734324,2,per_scorer_scorer,-1.8300207205892889
breakhis,mobilenetv2_100,0.9804204119290116,2,per_scorer_scorer,0.05707045613567818
breakhis,resnet18,0.9818994846809028,2,per_scorer_scorer,-0.43418743667212634
breakhis,resnet34,0.990456718089821,2,per_scorer_scorer,-0.11312437554281192
breakhis,resnet50,0.97369933133586,2,per_scorer_scorer,0.06282866816828818
breakhis,vit_small_patch16_224,0.9909270849759922,2,per_scorer_scorer,0.34451278065989405
breakhis,densenet121,0.98472168599793,2,per_scorer_dataset_scorer,0.5542005691063906
breakhis,densenet161,0.9880595689300466,2,per_scorer_dataset_scorer,0.6510771053751946
breakhis,densenet169,0.9894933269530196,2,per_scorer_dataset_scorer,0.49605858643702483
breakhis,efficientnet_b0,0.9861327866564435,2,per_scorer_dataset_scorer,0.21158436692175026
breakhis,mobilenetv2_050,0.9563582908734324,2,per_scorer_dataset_scorer,-1.830020720589289
breakhis,mobilenetv2_100,0.9804204119290116,2,per_scorer_dataset_scorer,0.057070456135678176
breakhis,resnet18,0.9818994846809028,2,per_scorer_dataset_scorer,-0.4341874366721263
breakhis,resnet34,0.990456718089821,2,per_scorer_dataset_scorer,-0.11312437554281156
breakhis,resnet50,0.97369933133586,2,per_scorer_dataset_scorer,0.06282866816828808
breakhis,vit_small_patch16_224,0.9909270849759922,2,per_scorer_dataset_scorer,0.3445127806598944
breakhis,densenet121,0.98472168599793,2,svm_scorer,0.22239192908204877
breakhis,densenet161,0.9880595689300466,2,svm_scorer,0.22878288877286984
breakhis,densenet169,0.9894933269530196,2,svm_scorer,0.19903433371988544
breakhis,efficientnet_b0,0.9861327866564435,2,svm_scorer,0.09816031117160891
breakhis,mobilenetv2_050,0.9563582908734324,2,svm_scorer,0.00993846152649526
breakhis,mobilenetv2_100,0.9804204119290116,2,svm_scorer,0.0640167236172702
breakhis,resnet18,0.9818994846809028,2,svm_scorer,0.0039081952405161935
breakhis,resnet34,0.990456718089821,2,svm_scorer,0.07806556810583332
breakhis,resnet50,0.97369933133586,2,svm_scorer,0.10092599306917786
breakhis,vit_small_patch16_224,0.9909270849759922,2,svm_scorer,0.17545762891831024
breakhis,densenet121,0.98472168599793,2,lsq_scorer,0.6924327045143196
breakhis,densenet161,0.9880595689300466,2,lsq_scorer,0.8365040772771326
breakhis,densenet169,0.9894933269530196,2,lsq_scorer,0.6479708413537657
breakhis,efficientnet_b0,0.9861327866564435,2,lsq_scorer,0.16054465253056738
breakhis,mobilenetv2_050,0.9563582908734324,2,lsq_scorer,-2.2684013013684865
breakhis,mobilenetv2_100,0.9804204119290116,2,lsq_scorer,-0.04483919538824599
breakhis,resnet18,0.9818994846809028,2,lsq_scorer,-0.5258028480982556
breakhis,resnet34,0.990456718089821,2,lsq_scorer,-0.15210200133390006
breakhis,resnet50,0.97369933133586,2,lsq_scorer,0.1786328358589921
breakhis,vit_small_patch16_224,0.9909270849759922,2,lsq_scorer,0.4750602346541039
skin_splits,densenet121,0.8696020633214172,2,overall_scorer,0.21936514348517655
skin_splits,densenet161,0.8887916517351186,2,overall_scorer,0.5635523150960504
skin_splits,densenet169,0.8821900866175455,2,overall_scorer,0.17340998077715694
skin_splits,efficientnet_b0,0.8797737251371518,2,overall_scorer,1.0614259346263208
skin_splits,mobilenetv2_050,0.766613714299033,2,overall_scorer,-1.2993279796026669
skin_splits,mobilenetv2_100,0.8627503037295365,2,overall_scorer,0.6458013542131547
skin_splits,resnet18,0.877213146754537,2,overall_scorer,-0.7538215453927323
skin_splits,resnet34,0.8713709054782028,2,overall_scorer,-1.263660566331894
skin_splits,resnet50,0.837430040235059,2,overall_scorer,0.5680898293066189
skin_splits,vit_small_patch16_224,0.8873964624613601,2,overall_scorer,0.0851655338228259
skin_splits,densenet121,0.8696020633214172,2,per_scorer_scorer,-0.15566426035819306
skin_splits,densenet161,0.8887916517351186,2,per_scorer_scorer,0.7104521746435938
skin_splits,densenet169,0.8821900866175455,2,per_scorer_scorer,0.24494818647536643
skin_splits,efficientnet_b0,0.8797737251371518,2,per_scorer_scorer,0.31997490096519754
skin_splits,mobilenetv2_050,0.766613714299033,2,per_scorer_scorer,-1.1717320924813248
skin_splits,mobilenetv2_100,0.8627503037295365,2,per_scorer_scorer,0.05816214158140721
skin_splits,resnet18,0.877213146754537,2,per_scorer_scorer,-0.33143673058505246
skin_splits,resnet34,0.8713709054782028,2,per_scorer_scorer,-0.6453329406395034
skin_splits,resnet50,0.837430040235059,2,per_scorer_scorer,-0.020167820272837478
skin_splits,vit_small_patch16_224,0.8873964624613601,2,per_scorer_scorer,0.9907964406713443
skin_splits,densenet121,0.8696020633214172,2,per_scorer_dataset_scorer,-0.15566426035819303
skin_splits,densenet161,0.8887916517351186,2,per_scorer_dataset_scorer,0.7104521746435941
skin_splits,densenet169,0.8821900866175455,2,per_scorer_dataset_scorer,0.2449481864753665
skin_splits,efficientnet_b0,0.8797737251371518,2,per_scorer_dataset_scorer,0.31997490096519704
skin_splits,mobilenetv2_050,0.766613714299033,2,per_scorer_dataset_scorer,-1.171732092481325
skin_splits,mobilenetv2_100,0.8627503037295365,2,per_scorer_dataset_scorer,0.05816214158140697
skin_splits,resnet18,0.877213146754537,2,per_scorer_dataset_scorer,-0.3314367305850523
skin_splits,resnet34,0.8713709054782028,2,per_scorer_dataset_scorer,-0.6453329406395028
skin_splits,resnet50,0.837430040235059,2,per_scorer_dataset_scorer,-0.02016782027283752
skin_splits,vit_small_patch16_224,0.8873964624613601,2,per_scorer_dataset_scorer,0.9907964406713448
skin_splits,densenet121,0.8696020633214172,2,svm_scorer,0.0022659287020796795
skin_splits,densenet161,0.8887916517351186,2,svm_scorer,0.21992360291618107
skin_splits,densenet169,0.8821900866175455,2,svm_scorer,0.1441492936022726
skin_splits,efficientnet_b0,0.8797737251371518,2,svm_scorer,0.0840902750664548
skin_splits,mobilenetv2_050,0.766613714299033,2,svm_scorer,-0.0005755699743741488
skin_splits,mobilenetv2_100,0.8627503037295365,2,svm_scorer,0.03983943097394495
skin_splits,resnet18,0.877213146754537,2,svm_scorer,0.02208546841817821
skin_splits,resnet34,0.8713709054782028,2,svm_scorer,0.023720993609600755
skin_splits,resnet50,0.837430040235059,2,svm_scorer,0.03637039827585693
skin_splits,vit_small_patch16_224,0.8873964624613601,2,svm_scorer,0.17733326921667553
skin_splits,densenet121,0.8696020633214172,2,lsq_scorer,-0.31403185244398285
skin_splits,densenet161,0.8887916517351186,2,lsq_scorer,0.8754308303276638
skin_splits,densenet169,0.8821900866175455,2,lsq_scorer,0.3068820403486996
skin_splits,efficientnet_b0,0.8797737251371518,2,lsq_scorer,0.2365979308351088
skin_splits,mobilenetv2_050,0.766613714299033,2,lsq_scorer,-1.3546165287312482
skin_splits,mobilenetv2_100,0.8627503037295365,2,lsq_scorer,-0.06132825448123385
skin_splits,resnet18,0.877213146754537,2,lsq_scorer,-0.26723799898458983
skin_splits,resnet34,0.8713709054782028,2,lsq_scorer,-0.659615729379682
skin_splits,resnet50,0.837430040235059,2,lsq_scorer,-0.22955713850911416
skin_splits,vit_small_patch16_224,0.8873964624613601,2,lsq_scorer,1.4674767010183751
