dataset,model,test_score,classes,transf_metric,transf_score
sun397,densenet121,0.4628715365239294,397,imagenet,74.434
sun397,densenet161,0.4787405541561713,397,imagenet,77.138
sun397,densenet169,0.4565743073047859,397,imagenet,75.6
sun397,efficientnet_b0,0.413904282115869,397,imagenet,77.692
sun397,mobilenetv2_050,0.1872040302267002,397,imagenet,65.95
sun397,mobilenetv2_100,0.420705289672544,397,imagenet,72.976
sun397,resnet18,0.3871032745591939,397,imagenet,69.758
sun397,resnet34,0.3630226700251888,397,imagenet,73.314
sun397,resnet50,0.4092695214105793,397,imagenet,76.13
sun397,vit_small_patch16_224,0.6689672544080606,397,imagenet,78.846
sun397,densenet121,0.4628715365239294,397,hscore_score,82.76918761103136
sun397,densenet161,0.4787405541561713,397,hscore_score,88.36998735430004
sun397,densenet169,0.4565743073047859,397,hscore_score,102.88572662339564
sun397,efficientnet_b0,0.413904282115869,397,hscore_score,99.54713683812986
sun397,mobilenetv2_050,0.1872040302267002,397,hscore_score,77.18552912163929
sun397,mobilenetv2_100,0.420705289672544,397,hscore_score,88.55830433314188
sun397,resnet18,0.3871032745591939,397,hscore_score,49.692265375863606
sun397,resnet34,0.3630226700251888,397,hscore_score,60.03014670816068
sun397,resnet50,0.4092695214105793,397,hscore_score,137.6324762167876
sun397,vit_small_patch16_224,0.6689672544080606,397,hscore_score,79.08068756759167
sun397,densenet121,0.4628715365239294,397,nce_score,-2.767187046861433
sun397,densenet161,0.4787405541561713,397,nce_score,-2.7560679109906783
sun397,densenet169,0.4565743073047859,397,nce_score,-2.7617658736271866
sun397,efficientnet_b0,0.413904282115869,397,nce_score,-2.7272056761034396
sun397,mobilenetv2_050,0.1872040302267002,397,nce_score,-2.933504262193707
sun397,mobilenetv2_100,0.420705289672544,397,nce_score,-2.8267948162421836
sun397,resnet18,0.3871032745591939,397,nce_score,-2.8580508589428666
sun397,resnet34,0.3630226700251888,397,nce_score,-2.776722685180723
sun397,resnet50,0.4092695214105793,397,nce_score,-2.7246779055110215
sun397,vit_small_patch16_224,0.6689672544080606,397,nce_score,-2.488168209740561
sun397,densenet121,0.4628715365239294,397,leep_score,-3.4780741273044433
sun397,densenet161,0.4787405541561713,397,leep_score,-3.0295217169829463
sun397,densenet169,0.4565743073047859,397,leep_score,-3.0709193562465456
sun397,efficientnet_b0,0.413904282115869,397,leep_score,-3.308699727952831
sun397,mobilenetv2_050,0.1872040302267002,397,leep_score,-3.896239728935533
sun397,mobilenetv2_100,0.420705289672544,397,leep_score,-3.557805078463383
sun397,resnet18,0.3871032745591939,397,leep_score,-3.347713121296689
sun397,resnet34,0.3630226700251888,397,leep_score,-3.4446092070939014
sun397,resnet50,0.4092695214105793,397,leep_score,-2.9759154010026703
sun397,vit_small_patch16_224,0.6689672544080606,397,leep_score,-2.799840449023536
sun397,densenet121,0.4628715365239294,397,nleep_score,-1.3676384734917777
sun397,densenet161,0.4787405541561713,397,nleep_score,-1.3901041469479924
sun397,densenet169,0.4565743073047859,397,nleep_score,-1.411804878289989
sun397,efficientnet_b0,0.413904282115869,397,nleep_score,-1.3257817496549478
sun397,mobilenetv2_050,0.1872040302267002,397,nleep_score,-1.65101679621431
sun397,mobilenetv2_100,0.420705289672544,397,nleep_score,-1.4309969858876328
sun397,resnet18,0.3871032745591939,397,nleep_score,-1.5328267605863848
sun397,resnet34,0.3630226700251888,397,nleep_score,-1.3923567609036045
sun397,resnet50,0.4092695214105793,397,nleep_score,-1.2759609115713069
sun397,vit_small_patch16_224,0.6689672544080606,397,nleep_score,-0.8278176844564604
sun397,densenet121,0.4628715365239294,397,parc_score,7.1139792290513215
sun397,densenet161,0.4787405541561713,397,parc_score,7.046500727448539
sun397,densenet169,0.4565743073047859,397,parc_score,7.064845237048203
sun397,efficientnet_b0,0.413904282115869,397,parc_score,7.236230009030102
sun397,mobilenetv2_050,0.1872040302267002,397,parc_score,6.264070894224232
sun397,mobilenetv2_100,0.420705289672544,397,parc_score,6.933843094494915
sun397,resnet18,0.3871032745591939,397,parc_score,6.7012655288665
sun397,resnet34,0.3630226700251888,397,parc_score,7.1194469786983845
sun397,resnet50,0.4092695214105793,397,parc_score,7.331863141227576
sun397,vit_small_patch16_224,0.6689672544080606,397,parc_score,7.887267970607377
sun397,densenet121,0.4628715365239294,397,reg_hscore_score,79.21137259876511
sun397,densenet161,0.4787405541561713,397,reg_hscore_score,72.85189551976782
sun397,densenet169,0.4565743073047859,397,reg_hscore_score,69.3100554819435
sun397,efficientnet_b0,0.413904282115869,397,reg_hscore_score,97.83717625449684
sun397,mobilenetv2_050,0.1872040302267002,397,reg_hscore_score,75.87763620882268
sun397,mobilenetv2_100,0.420705289672544,397,reg_hscore_score,87.02743407617663
sun397,resnet18,0.3871032745591939,397,reg_hscore_score,48.99974406320197
sun397,resnet34,0.3630226700251888,397,reg_hscore_score,59.45482311134398
sun397,resnet50,0.4092695214105793,397,reg_hscore_score,134.74067556357198
sun397,vit_small_patch16_224,0.6689672544080606,397,reg_hscore_score,78.0473848326757
sun397,densenet121,0.4628715365239294,397,sfda_score,0.5846126427605374
sun397,densenet161,0.4787405541561713,397,sfda_score,0.6099777604318173
sun397,densenet169,0.4565743073047859,397,sfda_score,0.6986835611067875
sun397,efficientnet_b0,0.413904282115869,397,sfda_score,0.6399473279792519
sun397,mobilenetv2_050,0.1872040302267002,397,sfda_score,0.42019018659673846
sun397,mobilenetv2_100,0.420705289672544,397,sfda_score,0.6323858653885367
sun397,resnet18,0.3871032745591939,397,sfda_score,0.5002236612434153
sun397,resnet34,0.3630226700251888,397,sfda_score,0.493595421439015
sun397,resnet50,0.4092695214105793,397,sfda_score,0.6529104773151971
sun397,vit_small_patch16_224,0.6689672544080606,397,sfda_score,0.6039217429589011
sun397,densenet121,0.4628715365239294,397,logme_score,1.629797029109517
sun397,densenet161,0.4787405541561713,397,logme_score,1.6245251464635402
sun397,densenet169,0.4565743073047859,397,logme_score,1.6221768481703251
sun397,efficientnet_b0,0.413904282115869,397,logme_score,1.639965167462181
sun397,mobilenetv2_050,0.1872040302267002,397,logme_score,1.613472422700939
sun397,mobilenetv2_100,0.420705289672544,397,logme_score,1.6271891274232448
sun397,resnet18,0.3871032745591939,397,logme_score,1.6080308804344048
sun397,resnet34,0.3630226700251888,397,logme_score,1.6213249731067338
sun397,resnet50,0.4092695214105793,397,logme_score,1.6786793060090917
sun397,vit_small_patch16_224,0.6689672544080606,397,logme_score,1.652147839489413
sun397,densenet121,0.4628715365239294,397,gbc_score,-169.44503851403925
sun397,densenet161,0.4787405541561713,397,gbc_score,-181.2526975905178
sun397,densenet169,0.4565743073047859,397,gbc_score,-192.40712680687352
sun397,efficientnet_b0,0.413904282115869,397,gbc_score,-177.28026594271333
sun397,mobilenetv2_050,0.1872040302267002,397,gbc_score,-491.7044403481575
sun397,mobilenetv2_100,0.420705289672544,397,gbc_score,-227.02228535693507
sun397,resnet18,0.3871032745591939,397,gbc_score,-315.0201599845328
sun397,resnet34,0.3630226700251888,397,gbc_score,-200.47152039614053
sun397,resnet50,0.4092695214105793,397,gbc_score,-139.16410337002955
sun397,vit_small_patch16_224,0.6689672544080606,397,gbc_score,-48.11310117796069
sun397,densenet121,0.4628715365239294,397,pactran_score,-1.2825689864367156
sun397,densenet161,0.4787405541561713,397,pactran_score,-1.1605325174750312
sun397,densenet169,0.4565743073047859,397,pactran_score,-1.2031875806701564
sun397,efficientnet_b0,0.413904282115869,397,pactran_score,-1.2601056141207068
sun397,mobilenetv2_050,0.1872040302267002,397,pactran_score,-4.289958400955247
sun397,mobilenetv2_100,0.420705289672544,397,pactran_score,-1.297334583178985
sun397,resnet18,0.3871032745591939,397,pactran_score,-1.4759288409648663
sun397,resnet34,0.3630226700251888,397,pactran_score,-1.4182747032065013
sun397,resnet50,0.4092695214105793,397,pactran_score,-1.560632315954929
sun397,vit_small_patch16_224,0.6689672544080606,397,pactran_score,-1.3269816915953236
sun397,densenet121,0.4628715365239294,397,etran_energy_score,1.6422698204159363
sun397,densenet161,0.4787405541561713,397,etran_energy_score,1.7143536493205072
sun397,densenet169,0.4565743073047859,397,etran_energy_score,1.5668404806130152
sun397,efficientnet_b0,0.413904282115869,397,etran_energy_score,0.9560783536452219
sun397,mobilenetv2_050,0.1872040302267002,397,etran_energy_score,0.12185159625375186
sun397,mobilenetv2_100,0.420705289672544,397,etran_energy_score,1.0803706477983899
sun397,resnet18,0.3871032745591939,397,etran_energy_score,0.7675960271769185
sun397,resnet34,0.3630226700251888,397,etran_energy_score,1.297791506754277
sun397,resnet50,0.4092695214105793,397,etran_energy_score,1.0728056184090513
sun397,vit_small_patch16_224,0.6689672544080606,397,etran_energy_score,2.0
sun397,densenet121,0.4628715365239294,397,ncti_score,-0.13371188172222281
sun397,densenet161,0.4787405541561713,397,ncti_score,0.12390133833266004
sun397,densenet169,0.4565743073047859,397,ncti_score,0.03636359753855556
sun397,efficientnet_b0,0.413904282115869,397,ncti_score,0.14761023191420175
sun397,mobilenetv2_050,0.1872040302267002,397,ncti_score,-1.0
sun397,mobilenetv2_100,0.420705289672544,397,ncti_score,-0.16225512614951998
sun397,resnet18,0.3871032745591939,397,ncti_score,-0.30650549064428767
sun397,resnet34,0.3630226700251888,397,ncti_score,-0.21108165618170394
sun397,resnet50,0.4092695214105793,397,ncti_score,0.35569622581750104
sun397,vit_small_patch16_224,0.6689672544080606,397,ncti_score,2.0
sun397,densenet121,0.4628715365239294,397,tmi_score,6.467618368153939
sun397,densenet161,0.4787405541561713,397,tmi_score,12.04729950533966
sun397,densenet169,0.4565743073047859,397,tmi_score,9.322828408797424
sun397,efficientnet_b0,0.413904282115869,397,tmi_score,4.794802640204169
sun397,mobilenetv2_050,0.1872040302267002,397,tmi_score,2.241774441593501
sun397,mobilenetv2_100,0.420705289672544,397,tmi_score,4.925094575388377
sun397,resnet18,0.3871032745591939,397,tmi_score,2.4301842840851404
sun397,resnet34,0.3630226700251888,397,tmi_score,3.0589822352156584
sun397,resnet50,0.4092695214105793,397,tmi_score,4.795227806830886
sun397,vit_small_patch16_224,0.6689672544080606,397,tmi_score,2.495775528292784
aircraft,densenet121,0.2472459893048129,100,imagenet,74.434
aircraft,densenet161,0.2567201426024955,100,imagenet,77.138
aircraft,densenet169,0.2080392156862745,100,imagenet,75.6
aircraft,efficientnet_b0,0.2230392156862745,100,imagenet,77.692
aircraft,mobilenetv2_050,0.1059001782531194,100,imagenet,65.95
aircraft,mobilenetv2_100,0.2229411764705882,100,imagenet,72.976
aircraft,resnet18,0.1933868092691622,100,imagenet,69.758
aircraft,resnet34,0.1474331550802139,100,imagenet,73.314
aircraft,resnet50,0.1255436720142602,100,imagenet,76.13
aircraft,vit_small_patch16_224,0.320855614973262,100,imagenet,78.846
aircraft,densenet121,0.2472459893048129,100,hscore_score,42.88300411105917
aircraft,densenet161,0.2567201426024955,100,hscore_score,46.93128500186533
aircraft,densenet169,0.2080392156862745,100,hscore_score,60.40375171263037
aircraft,efficientnet_b0,0.2230392156862745,100,hscore_score,50.03066763600734
aircraft,mobilenetv2_050,0.1059001782531194,100,hscore_score,48.86168551789956
aircraft,mobilenetv2_100,0.2229411764705882,100,hscore_score,48.45122885502322
aircraft,resnet18,0.1933868092691622,100,hscore_score,25.557074855904496
aircraft,resnet34,0.1474331550802139,100,hscore_score,24.950597669207873
aircraft,resnet50,0.1255436720142602,100,hscore_score,67.68648811938473
aircraft,vit_small_patch16_224,0.320855614973262,100,hscore_score,24.633010767400265
aircraft,densenet121,0.2472459893048129,100,nce_score,-4.1840513377197075
aircraft,densenet161,0.2567201426024955,100,nce_score,-4.185556448855635
aircraft,densenet169,0.2080392156862745,100,nce_score,-4.2296749402941645
aircraft,efficientnet_b0,0.2230392156862745,100,nce_score,-4.182408355324941
aircraft,mobilenetv2_050,0.1059001782531194,100,nce_score,-4.178626425606024
aircraft,mobilenetv2_100,0.2229411764705882,100,nce_score,-4.182781020698216
aircraft,resnet18,0.1933868092691622,100,nce_score,-4.194428362775112
aircraft,resnet34,0.1474331550802139,100,nce_score,-4.187950701231472
aircraft,resnet50,0.1255436720142602,100,nce_score,-4.166118682877769
aircraft,vit_small_patch16_224,0.320855614973262,100,nce_score,-4.155551768028127
aircraft,densenet121,0.2472459893048129,100,leep_score,-4.262926136701915
aircraft,densenet161,0.2567201426024955,100,leep_score,-4.189466805128548
aircraft,densenet169,0.2080392156862745,100,leep_score,-4.214694329566339
aircraft,efficientnet_b0,0.2230392156862745,100,leep_score,-4.239908017083232
aircraft,mobilenetv2_050,0.1059001782531194,100,leep_score,-4.220131633281024
aircraft,mobilenetv2_100,0.2229411764705882,100,leep_score,-4.233893487362727
aircraft,resnet18,0.1933868092691622,100,leep_score,-4.209540279113985
aircraft,resnet34,0.1474331550802139,100,leep_score,-4.272391793171729
aircraft,resnet50,0.1255436720142602,100,leep_score,-4.143959881644895
aircraft,vit_small_patch16_224,0.320855614973262,100,leep_score,-4.186138444202687
aircraft,densenet121,0.2472459893048129,100,nleep_score,-1.756511815924099
aircraft,densenet161,0.2567201426024955,100,nleep_score,-1.8175385998382152
aircraft,densenet169,0.2080392156862745,100,nleep_score,-1.8496590423764203
aircraft,efficientnet_b0,0.2230392156862745,100,nleep_score,-1.850980026527726
aircraft,mobilenetv2_050,0.1059001782531194,100,nleep_score,-1.732204735838543
aircraft,mobilenetv2_100,0.2229411764705882,100,nleep_score,-1.785165340791009
aircraft,resnet18,0.1933868092691622,100,nleep_score,-1.7711588486521046
aircraft,resnet34,0.1474331550802139,100,nleep_score,-2.04253245763878
aircraft,resnet50,0.1255436720142602,100,nleep_score,-1.8937271208489332
aircraft,vit_small_patch16_224,0.320855614973262,100,nleep_score,-1.6949734289435396
aircraft,densenet121,0.2472459893048129,100,parc_score,6.738515468256713
aircraft,densenet161,0.2567201426024955,100,parc_score,6.827687378557766
aircraft,densenet169,0.2080392156862745,100,parc_score,6.141276781165996
aircraft,efficientnet_b0,0.2230392156862745,100,parc_score,6.721014694287494
aircraft,mobilenetv2_050,0.1059001782531194,100,parc_score,6.088733073549667
aircraft,mobilenetv2_100,0.2229411764705882,100,parc_score,6.349701179945741
aircraft,resnet18,0.1933868092691622,100,parc_score,5.764936101218862
aircraft,resnet34,0.1474331550802139,100,parc_score,6.479027544467919
aircraft,resnet50,0.1255436720142602,100,parc_score,6.00420797426664
aircraft,vit_small_patch16_224,0.320855614973262,100,parc_score,6.974004609460335
aircraft,densenet121,0.2472459893048129,100,reg_hscore_score,36.19123629379318
aircraft,densenet161,0.2567201426024955,100,reg_hscore_score,36.22690798342677
aircraft,densenet169,0.2080392156862745,100,reg_hscore_score,33.479246143943676
aircraft,efficientnet_b0,0.2230392156862745,100,reg_hscore_score,42.65145474171285
aircraft,mobilenetv2_050,0.1059001782531194,100,reg_hscore_score,43.244028200646405
aircraft,mobilenetv2_100,0.2229411764705882,100,reg_hscore_score,40.815339000082915
aircraft,resnet18,0.1933868092691622,100,reg_hscore_score,23.64694240878805
aircraft,resnet34,0.1474331550802139,100,reg_hscore_score,22.984406609616325
aircraft,resnet50,0.1255436720142602,100,reg_hscore_score,50.637247664549605
aircraft,vit_small_patch16_224,0.320855614973262,100,reg_hscore_score,23.68362964504542
aircraft,densenet121,0.2472459893048129,100,sfda_score,0.8773045186615998
aircraft,densenet161,0.2567201426024955,100,sfda_score,0.9230931955736892
aircraft,densenet169,0.2080392156862745,100,sfda_score,0.9916198687159716
aircraft,efficientnet_b0,0.2230392156862745,100,sfda_score,0.907106506516448
aircraft,mobilenetv2_050,0.1059001782531194,100,sfda_score,0.6128841017079617
aircraft,mobilenetv2_100,0.2229411764705882,100,sfda_score,0.8677785926607245
aircraft,resnet18,0.1933868092691622,100,sfda_score,0.7046522657065369
aircraft,resnet34,0.1474331550802139,100,sfda_score,0.5562928849586921
aircraft,resnet50,0.1255436720142602,100,sfda_score,0.8170748005027012
aircraft,vit_small_patch16_224,0.320855614973262,100,sfda_score,0.6629001657202134
aircraft,densenet121,0.2472459893048129,100,logme_score,0.9378192575804684
aircraft,densenet161,0.2567201426024955,100,logme_score,0.9376192271020422
aircraft,densenet169,0.2080392156862745,100,logme_score,0.933247401401448
aircraft,efficientnet_b0,0.2230392156862745,100,logme_score,0.9536478943633548
aircraft,mobilenetv2_050,0.1059001782531194,100,logme_score,0.931209357113116
aircraft,mobilenetv2_100,0.2229411764705882,100,logme_score,0.938312365791454
aircraft,resnet18,0.1933868092691622,100,logme_score,0.919105875578036
aircraft,resnet34,0.1474331550802139,100,logme_score,0.9283053222350036
aircraft,resnet50,0.1255436720142602,100,logme_score,0.9437643589848652
aircraft,vit_small_patch16_224,0.320855614973262,100,logme_score,0.935609283989562
aircraft,densenet121,0.2472459893048129,100,gbc_score,-788.4659117068201
aircraft,densenet161,0.2567201426024955,100,gbc_score,-693.1015027770871
aircraft,densenet169,0.2080392156862745,100,gbc_score,-856.1107183847005
aircraft,efficientnet_b0,0.2230392156862745,100,gbc_score,-698.3429831605583
aircraft,mobilenetv2_050,0.1059001782531194,100,gbc_score,-949.3973037133904
aircraft,mobilenetv2_100,0.2229411764705882,100,gbc_score,-862.2118261341701
aircraft,resnet18,0.1933868092691622,100,gbc_score,-956.431108400614
aircraft,resnet34,0.1474331550802139,100,gbc_score,-861.1671695556589
aircraft,resnet50,0.1255436720142602,100,gbc_score,-933.4997114096776
aircraft,vit_small_patch16_224,0.320855614973262,100,gbc_score,-671.2251321421832
aircraft,densenet121,0.2472459893048129,100,pactran_score,-1.4636945371003536
aircraft,densenet161,0.2567201426024955,100,pactran_score,-1.2600395806299294
aircraft,densenet169,0.2080392156862745,100,pactran_score,-1.3313009416984505
aircraft,efficientnet_b0,0.2230392156862745,100,pactran_score,-1.7672733216818424
aircraft,mobilenetv2_050,0.1059001782531194,100,pactran_score,-4.405986882205634
aircraft,mobilenetv2_100,0.2229411764705882,100,pactran_score,-1.6160186517044766
aircraft,resnet18,0.1933868092691622,100,pactran_score,-1.6501934689388038
aircraft,resnet34,0.1474331550802139,100,pactran_score,-1.9853294855624832
aircraft,resnet50,0.1255436720142602,100,pactran_score,-2.753245611621189
aircraft,vit_small_patch16_224,0.320855614973262,100,pactran_score,-1.4951587785692546
aircraft,densenet121,0.2472459893048129,100,etran_energy_score,1.3937501189788923
aircraft,densenet161,0.2567201426024955,100,etran_energy_score,1.691654984526675
aircraft,densenet169,0.2080392156862745,100,etran_energy_score,1.5015841473010296
aircraft,efficientnet_b0,0.2230392156862745,100,etran_energy_score,0.604758418469072
aircraft,mobilenetv2_050,0.1059001782531194,100,etran_energy_score,0.023548927069439143
aircraft,mobilenetv2_100,0.2229411764705882,100,etran_energy_score,0.8302515881616568
aircraft,resnet18,0.1933868092691622,100,etran_energy_score,0.9868653013340367
aircraft,resnet34,0.1474331550802139,100,etran_energy_score,0.8029902874660758
aircraft,resnet50,0.1255436720142602,100,etran_energy_score,0.5493450896631276
aircraft,vit_small_patch16_224,0.320855614973262,100,etran_energy_score,1.951627507952049
aircraft,densenet121,0.2472459893048129,100,ncti_score,1.3123209283766615
aircraft,densenet161,0.2567201426024955,100,ncti_score,1.6969022653086319
aircraft,densenet169,0.2080392156862745,100,ncti_score,1.2955722804271952
aircraft,efficientnet_b0,0.2230392156862745,100,ncti_score,1.1365530118796496
aircraft,mobilenetv2_050,0.1059001782531194,100,ncti_score,-1.0
aircraft,mobilenetv2_100,0.2229411764705882,100,ncti_score,1.0959277941773808
aircraft,resnet18,0.1933868092691622,100,ncti_score,0.8531588697679457
aircraft,resnet34,0.1474331550802139,100,ncti_score,0.8336607414907551
aircraft,resnet50,0.1255436720142602,100,ncti_score,0.49146212724864413
aircraft,vit_small_patch16_224,0.320855614973262,100,ncti_score,1.7757823054396187
aircraft,densenet121,0.2472459893048129,100,tmi_score,22.215369386924007
aircraft,densenet161,0.2567201426024955,100,tmi_score,40.07669852286785
aircraft,densenet169,0.2080392156862745,100,tmi_score,31.402172809705963
aircraft,efficientnet_b0,0.2230392156862745,100,tmi_score,11.219330367172685
aircraft,mobilenetv2_050,0.1059001782531194,100,tmi_score,8.897973933016777
aircraft,mobilenetv2_100,0.2229411764705882,100,tmi_score,15.625454022719094
aircraft,resnet18,0.1933868092691622,100,tmi_score,8.773208930698406
aircraft,resnet34,0.1474331550802139,100,tmi_score,8.564541613334226
aircraft,resnet50,0.1255436720142602,100,tmi_score,14.773147829257766
aircraft,vit_small_patch16_224,0.320855614973262,100,tmi_score,8.484545520435653
caltech101,densenet121,0.8219212601039783,102,imagenet,74.434
caltech101,densenet161,0.8635785223658625,102,imagenet,77.138
caltech101,densenet169,0.8284468478808976,102,imagenet,75.6
caltech101,efficientnet_b0,0.7848150179744775,102,imagenet,77.692
caltech101,mobilenetv2_050,0.528327698786761,102,imagenet,65.95
caltech101,mobilenetv2_100,0.8018587938900077,102,imagenet,72.976
caltech101,resnet18,0.779068583631291,102,imagenet,69.758
caltech101,resnet34,0.767026666859596,102,imagenet,73.314
caltech101,resnet50,0.7813048733675486,102,imagenet,76.13
caltech101,vit_small_patch16_224,0.9228797463703576,102,imagenet,78.846
caltech101,densenet121,0.8219212601039783,102,hscore_score,81.04699109060621
caltech101,densenet161,0.8635785223658625,102,hscore_score,82.80395685025564
caltech101,densenet169,0.8284468478808976,102,hscore_score,90.3222801550715
caltech101,efficientnet_b0,0.7848150179744775,102,hscore_score,86.15659997012825
caltech101,mobilenetv2_050,0.528327698786761,102,hscore_score,79.49648989251304
caltech101,mobilenetv2_100,0.8018587938900077,102,hscore_score,82.40474488530066
caltech101,resnet18,0.779068583631291,102,hscore_score,58.644486322709014
caltech101,resnet34,0.767026666859596,102,hscore_score,67.85829575433925
caltech101,resnet50,0.7813048733675486,102,hscore_score,97.64267358147607
caltech101,vit_small_patch16_224,0.9228797463703576,102,hscore_score,71.97916054725647
caltech101,densenet121,0.8219212601039783,102,nce_score,-0.5423183402221692
caltech101,densenet161,0.8635785223658625,102,nce_score,-0.5530845314374874
caltech101,densenet169,0.8284468478808976,102,nce_score,-0.5403904453215441
caltech101,efficientnet_b0,0.7848150179744775,102,nce_score,-0.553369667201886
caltech101,mobilenetv2_050,0.528327698786761,102,nce_score,-0.7136143786933616
caltech101,mobilenetv2_100,0.8018587938900077,102,nce_score,-0.610635530943102
caltech101,resnet18,0.779068583631291,102,nce_score,-0.6656062379257996
caltech101,resnet34,0.767026666859596,102,nce_score,-0.5654127500164234
caltech101,resnet50,0.7813048733675486,102,nce_score,-0.531224370241491
caltech101,vit_small_patch16_224,0.9228797463703576,102,nce_score,-0.4323688975088932
caltech101,densenet121,0.8219212601039783,102,leep_score,-1.2734407078831274
caltech101,densenet161,0.8635785223658625,102,leep_score,-0.8137425943408999
caltech101,densenet169,0.8284468478808976,102,leep_score,-0.8447007197850971
caltech101,efficientnet_b0,0.7848150179744775,102,leep_score,-1.201422988953193
caltech101,mobilenetv2_050,0.528327698786761,102,leep_score,-1.7579085261187464
caltech101,mobilenetv2_100,0.8018587938900077,102,leep_score,-1.4148321209290842
caltech101,resnet18,0.779068583631291,102,leep_score,-1.164609796711109
caltech101,resnet34,0.767026666859596,102,leep_score,-1.310374285093818
caltech101,resnet50,0.7813048733675486,102,leep_score,-0.846548903222642
caltech101,vit_small_patch16_224,0.9228797463703576,102,leep_score,-0.7482311723047345
caltech101,densenet121,0.8219212601039783,102,nleep_score,-0.27638362985117004
caltech101,densenet161,0.8635785223658625,102,nleep_score,-0.2854575439746914
caltech101,densenet169,0.8284468478808976,102,nleep_score,-0.2838606044860195
caltech101,efficientnet_b0,0.7848150179744775,102,nleep_score,-0.24916487896407435
caltech101,mobilenetv2_050,0.528327698786761,102,nleep_score,-0.526092191092902
caltech101,mobilenetv2_100,0.8018587938900077,102,nleep_score,-0.34595813655893765
caltech101,resnet18,0.779068583631291,102,nleep_score,-0.4459834207505544
caltech101,resnet34,0.767026666859596,102,nleep_score,-0.268833834855975
caltech101,resnet50,0.7813048733675486,102,nleep_score,-0.2394022393952174
caltech101,vit_small_patch16_224,0.9228797463703576,102,nleep_score,-0.1158129480050316
caltech101,densenet121,0.8219212601039783,102,parc_score,15.776402518046917
caltech101,densenet161,0.8635785223658625,102,parc_score,15.751252195586046
caltech101,densenet169,0.8284468478808976,102,parc_score,15.622167515607874
caltech101,efficientnet_b0,0.7848150179744775,102,parc_score,15.611082530805662
caltech101,mobilenetv2_050,0.528327698786761,102,parc_score,14.406516474469806
caltech101,mobilenetv2_100,0.8018587938900077,102,parc_score,15.278331189598148
caltech101,resnet18,0.779068583631291,102,parc_score,15.049104945817897
caltech101,resnet34,0.767026666859596,102,parc_score,15.55194705292906
caltech101,resnet50,0.7813048733675486,102,parc_score,15.822421414764154
caltech101,vit_small_patch16_224,0.9228797463703576,102,parc_score,16.290385872360588
caltech101,densenet121,0.8219212601039783,102,reg_hscore_score,74.00265716805532
caltech101,densenet161,0.8635785223658625,102,reg_hscore_score,71.9949003772627
caltech101,densenet169,0.8284468478808976,102,reg_hscore_score,69.07510743067908
caltech101,efficientnet_b0,0.7848150179744775,102,reg_hscore_score,78.55767518639668
caltech101,mobilenetv2_050,0.528327698786761,102,reg_hscore_score,70.79368432622321
caltech101,mobilenetv2_100,0.8018587938900077,102,reg_hscore_score,73.44380758886226
caltech101,resnet18,0.779068583631291,102,reg_hscore_score,53.62605141539284
caltech101,resnet34,0.767026666859596,102,reg_hscore_score,64.30320478770298
caltech101,resnet50,0.7813048733675486,102,reg_hscore_score,90.01504085658681
caltech101,vit_small_patch16_224,0.9228797463703576,102,reg_hscore_score,68.76830326042761
caltech101,densenet121,0.8219212601039783,102,sfda_score,0.9892672125733428
caltech101,densenet161,0.8635785223658625,102,sfda_score,0.9872277697708676
caltech101,densenet169,0.8284468478808976,102,sfda_score,0.9991830071302282
caltech101,efficientnet_b0,0.7848150179744775,102,sfda_score,0.995176759263634
caltech101,mobilenetv2_050,0.528327698786761,102,sfda_score,0.8042991025696772
caltech101,mobilenetv2_100,0.8018587938900077,102,sfda_score,0.9961466407825074
caltech101,resnet18,0.779068583631291,102,sfda_score,0.8944527427654814
caltech101,resnet34,0.767026666859596,102,sfda_score,0.92518256124237
caltech101,resnet50,0.7813048733675486,102,sfda_score,0.999591503269174
caltech101,vit_small_patch16_224,0.9228797463703576,102,sfda_score,0.9412410066577392
caltech101,densenet121,0.8219212601039783,102,logme_score,1.2619775142877292
caltech101,densenet161,0.8635785223658625,102,logme_score,1.2059162857484542
caltech101,densenet169,0.8284468478808976,102,logme_score,1.1876147290944663
caltech101,efficientnet_b0,0.7848150179744775,102,logme_score,1.261627501556481
caltech101,mobilenetv2_050,0.528327698786761,102,logme_score,1.130098414284449
caltech101,mobilenetv2_100,0.8018587938900077,102,logme_score,1.1919319081903683
caltech101,resnet18,0.779068583631291,102,logme_score,1.1073629337084885
caltech101,resnet34,0.767026666859596,102,logme_score,1.2091576382509834
caltech101,resnet50,0.7813048733675486,102,logme_score,1.411778872538112
caltech101,vit_small_patch16_224,0.9228797463703576,102,logme_score,1.313784675961212
caltech101,densenet121,0.8219212601039783,102,gbc_score,-2.0131072127520313
caltech101,densenet161,0.8635785223658625,102,gbc_score,-1.8035432040139052
caltech101,densenet169,0.8284468478808976,102,gbc_score,-1.762879673244296
caltech101,efficientnet_b0,0.7848150179744775,102,gbc_score,-1.9932827594048743
caltech101,mobilenetv2_050,0.528327698786761,102,gbc_score,-5.576568329348449
caltech101,mobilenetv2_100,0.8018587938900077,102,gbc_score,-2.324664226908525
caltech101,resnet18,0.779068583631291,102,gbc_score,-3.765140439098943
caltech101,resnet34,0.767026666859596,102,gbc_score,-3.358160214444428
caltech101,resnet50,0.7813048733675486,102,gbc_score,-3.246237546785965
caltech101,vit_small_patch16_224,0.9228797463703576,102,gbc_score,-1.1309903671613606
caltech101,densenet121,0.8219212601039783,102,pactran_score,-1.255796542753676
caltech101,densenet161,0.8635785223658625,102,pactran_score,-1.0786124707163107
caltech101,densenet169,0.8284468478808976,102,pactran_score,-1.1446305739933544
caltech101,efficientnet_b0,0.7848150179744775,102,pactran_score,-1.1933900386759375
caltech101,mobilenetv2_050,0.528327698786761,102,pactran_score,-3.135947915195877
caltech101,mobilenetv2_100,0.8018587938900077,102,pactran_score,-1.222506733725952
caltech101,resnet18,0.779068583631291,102,pactran_score,-1.4483967051200026
caltech101,resnet34,0.767026666859596,102,pactran_score,-1.4234002065282023
caltech101,resnet50,0.7813048733675486,102,pactran_score,-1.2100020488067638
caltech101,vit_small_patch16_224,0.9228797463703576,102,pactran_score,-1.4205930702111311
caltech101,densenet121,0.8219212601039783,102,etran_energy_score,1.885521805335033
caltech101,densenet161,0.8635785223658625,102,etran_energy_score,1.9006543291805678
caltech101,densenet169,0.8284468478808976,102,etran_energy_score,1.732570721670521
caltech101,efficientnet_b0,0.7848150179744775,102,etran_energy_score,1.0607828767040046
caltech101,mobilenetv2_050,0.528327698786761,102,etran_energy_score,0.1132104135818848
caltech101,mobilenetv2_100,0.8018587938900077,102,etran_energy_score,1.2217268340360878
caltech101,resnet18,0.779068583631291,102,etran_energy_score,0.9527078996072048
caltech101,resnet34,0.767026666859596,102,etran_energy_score,1.3571174039305356
caltech101,resnet50,0.7813048733675486,102,etran_energy_score,1.4218954814604734
caltech101,vit_small_patch16_224,0.9228797463703576,102,etran_energy_score,2.0
caltech101,densenet121,0.8219212601039783,102,ncti_score,0.5126937131794506
caltech101,densenet161,0.8635785223658625,102,ncti_score,0.7277701210597107
caltech101,densenet169,0.8284468478808976,102,ncti_score,0.5642485831887074
caltech101,efficientnet_b0,0.7848150179744775,102,ncti_score,0.5359105031292872
caltech101,mobilenetv2_050,0.528327698786761,102,ncti_score,-1.0
caltech101,mobilenetv2_100,0.8018587938900077,102,ncti_score,0.12560532027018456
caltech101,resnet18,0.779068583631291,102,ncti_score,-0.3707058343760692
caltech101,resnet34,0.767026666859596,102,ncti_score,0.26685940732402524
caltech101,resnet50,0.7813048733675486,102,ncti_score,0.5271172972161846
caltech101,vit_small_patch16_224,0.9228797463703576,102,ncti_score,1.8830257495719174
caltech101,densenet121,0.8219212601039783,102,tmi_score,25.083441597187544
caltech101,densenet161,0.8635785223658625,102,tmi_score,46.25366449812753
caltech101,densenet169,0.8284468478808976,102,tmi_score,36.47342279607399
caltech101,efficientnet_b0,0.7848150179744775,102,tmi_score,17.372651226225052
caltech101,mobilenetv2_050,0.528327698786761,102,tmi_score,8.720256547126207
caltech101,mobilenetv2_100,0.8018587938900077,102,tmi_score,19.330787807160483
caltech101,resnet18,0.779068583631291,102,tmi_score,9.739651846203014
caltech101,resnet34,0.767026666859596,102,tmi_score,11.633483869245705
caltech101,resnet50,0.7813048733675486,102,tmi_score,17.67152804373874
caltech101,vit_small_patch16_224,0.9228797463703576,102,tmi_score,9.43084369032743
oxfordpets,densenet121,0.8433245044624137,37,imagenet,74.434
oxfordpets,densenet161,0.897619763112391,37,imagenet,77.138
oxfordpets,densenet169,0.8795821732489999,37,imagenet,75.6
oxfordpets,efficientnet_b0,0.8229526342277249,37,imagenet,77.692
oxfordpets,mobilenetv2_050,0.5279134544998093,37,imagenet,65.95
oxfordpets,mobilenetv2_100,0.804906614586994,37,imagenet,72.976
oxfordpets,resnet18,0.8225932574807326,37,imagenet,69.758
oxfordpets,resnet34,0.862167026654045,37,imagenet,73.314
oxfordpets,resnet50,0.8668725137592109,37,imagenet,76.13
oxfordpets,vit_small_patch16_224,0.9126805247581838,37,imagenet,78.846
oxfordpets,densenet121,0.8433245044624137,37,hscore_score,28.741606779992708
oxfordpets,densenet161,0.897619763112391,37,hscore_score,29.86973360196194
oxfordpets,densenet169,0.8795821732489999,37,hscore_score,31.68843900771547
oxfordpets,efficientnet_b0,0.8229526342277249,37,hscore_score,31.781831619057805
oxfordpets,mobilenetv2_050,0.5279134544998093,37,hscore_score,27.795787071270844
oxfordpets,mobilenetv2_100,0.804906614586994,37,hscore_score,30.353435347285895
oxfordpets,resnet18,0.8225932574807326,37,hscore_score,23.88522504872061
oxfordpets,resnet34,0.862167026654045,37,hscore_score,28.00868211699975
oxfordpets,resnet50,0.8668725137592109,37,hscore_score,34.36740675060725
oxfordpets,vit_small_patch16_224,0.9126805247581838,37,hscore_score,26.430724558700035
oxfordpets,densenet121,0.8433245044624137,37,nce_score,-0.6995560275737787
oxfordpets,densenet161,0.897619763112391,37,nce_score,-0.6620076753606572
oxfordpets,densenet169,0.8795821732489999,37,nce_score,-0.67808710929118
oxfordpets,efficientnet_b0,0.8229526342277249,37,nce_score,-0.6656197205670356
oxfordpets,mobilenetv2_050,0.5279134544998093,37,nce_score,-0.8423864909593093
oxfordpets,mobilenetv2_100,0.804906614586994,37,nce_score,-0.7368259661142762
oxfordpets,resnet18,0.8225932574807326,37,nce_score,-0.765544706803581
oxfordpets,resnet34,0.862167026654045,37,nce_score,-0.6947779299712508
oxfordpets,resnet50,0.8668725137592109,37,nce_score,-0.6425145052580477
oxfordpets,vit_small_patch16_224,0.9126805247581838,37,nce_score,-0.680906191743751
oxfordpets,densenet121,0.8433245044624137,37,leep_score,-0.9797501727335703
oxfordpets,densenet161,0.897619763112391,37,leep_score,-0.7197551355582831
oxfordpets,densenet169,0.8795821732489999,37,leep_score,-0.7334709444164887
oxfordpets,efficientnet_b0,0.8229526342277249,37,leep_score,-0.8948416625276379
oxfordpets,mobilenetv2_050,0.5279134544998093,37,leep_score,-1.2089374639605666
oxfordpets,mobilenetv2_100,0.804906614586994,37,leep_score,-0.987421369569698
oxfordpets,resnet18,0.8225932574807326,37,leep_score,-0.8491201329827315
oxfordpets,resnet34,0.862167026654045,37,leep_score,-0.9472620045781184
oxfordpets,resnet50,0.8668725137592109,37,leep_score,-0.6698507001478564
oxfordpets,vit_small_patch16_224,0.9126805247581838,37,leep_score,-0.7571117282778596
oxfordpets,densenet121,0.8433245044624137,37,nleep_score,-0.3424723952144079
oxfordpets,densenet161,0.897619763112391,37,nleep_score,-0.286739443761767
oxfordpets,densenet169,0.8795821732489999,37,nleep_score,-0.30180693134349607
oxfordpets,efficientnet_b0,0.8229526342277249,37,nleep_score,-0.2806587609827205
oxfordpets,mobilenetv2_050,0.5279134544998093,37,nleep_score,-0.6365520397242309
oxfordpets,mobilenetv2_100,0.804906614586994,37,nleep_score,-0.3561926181885375
oxfordpets,resnet18,0.8225932574807326,37,nleep_score,-0.3971012969475507
oxfordpets,resnet34,0.862167026654045,37,nleep_score,-0.27759787598655056
oxfordpets,resnet50,0.8668725137592109,37,nleep_score,-0.28135666064068093
oxfordpets,vit_small_patch16_224,0.9126805247581838,37,nleep_score,-0.2514635715857802
oxfordpets,densenet121,0.8433245044624137,37,parc_score,7.582117510071037
oxfordpets,densenet161,0.897619763112391,37,parc_score,8.4826103806588
oxfordpets,densenet169,0.8795821732489999,37,parc_score,7.587386061016301
oxfordpets,efficientnet_b0,0.8229526342277249,37,parc_score,9.095749811353656
oxfordpets,mobilenetv2_050,0.5279134544998093,37,parc_score,7.480081355006317
oxfordpets,mobilenetv2_100,0.804906614586994,37,parc_score,7.565115131331915
oxfordpets,resnet18,0.8225932574807326,37,parc_score,8.01516949122397
oxfordpets,resnet34,0.862167026654045,37,parc_score,8.452704291883645
oxfordpets,resnet50,0.8668725137592109,37,parc_score,10.252917726924414
oxfordpets,vit_small_patch16_224,0.9126805247581838,37,parc_score,7.876144276032942
oxfordpets,densenet121,0.8433245044624137,37,reg_hscore_score,27.49780626461573
oxfordpets,densenet161,0.897619763112391,37,reg_hscore_score,28.063272828839143
oxfordpets,densenet169,0.8795821732489999,37,reg_hscore_score,27.24636454942392
oxfordpets,efficientnet_b0,0.8229526342277249,37,reg_hscore_score,31.03657077560932
oxfordpets,mobilenetv2_050,0.5279134544998093,37,reg_hscore_score,26.51740335341435
oxfordpets,mobilenetv2_100,0.804906614586994,37,reg_hscore_score,29.511002383576304
oxfordpets,resnet18,0.8225932574807326,37,reg_hscore_score,23.318556403145067
oxfordpets,resnet34,0.862167026654045,37,reg_hscore_score,27.63158226253547
oxfordpets,resnet50,0.8668725137592109,37,reg_hscore_score,32.94371621377432
oxfordpets,vit_small_patch16_224,0.9126805247581838,37,reg_hscore_score,26.09490919349516
oxfordpets,densenet121,0.8433245044624137,37,sfda_score,0.9580832177815524
oxfordpets,densenet161,0.897619763112391,37,sfda_score,0.9633859830661876
oxfordpets,densenet169,0.8795821732489999,37,sfda_score,0.9961937328118332
oxfordpets,efficientnet_b0,0.8229526342277249,37,sfda_score,0.9843650148375084
oxfordpets,mobilenetv2_050,0.5279134544998093,37,sfda_score,0.7443193625129322
oxfordpets,mobilenetv2_100,0.804906614586994,37,sfda_score,0.9772168404082444
oxfordpets,resnet18,0.8225932574807326,37,sfda_score,0.8828470494585499
oxfordpets,resnet34,0.862167026654045,37,sfda_score,0.9072599734016196
oxfordpets,resnet50,0.8668725137592109,37,sfda_score,0.9843952797017156
oxfordpets,vit_small_patch16_224,0.9126805247581838,37,sfda_score,0.8995420158643386
oxfordpets,densenet121,0.8433245044624137,37,logme_score,0.8495789075625928
oxfordpets,densenet161,0.897619763112391,37,logme_score,0.8729336545697713
oxfordpets,densenet169,0.8795821732489999,37,logme_score,0.8486335906638298
oxfordpets,efficientnet_b0,0.8229526342277249,37,logme_score,1.0063713967381538
oxfordpets,mobilenetv2_050,0.5279134544998093,37,logme_score,0.7035166919581637
oxfordpets,mobilenetv2_100,0.804906614586994,37,logme_score,0.8755457702457455
oxfordpets,resnet18,0.8225932574807326,37,logme_score,0.7403420298385937
oxfordpets,resnet34,0.862167026654045,37,logme_score,0.967083789823552
oxfordpets,resnet50,0.8668725137592109,37,logme_score,1.181952575161459
oxfordpets,vit_small_patch16_224,0.9126805247581838,37,logme_score,0.9081929780425864
oxfordpets,densenet121,0.8433245044624137,37,gbc_score,-1.0593353656766042
oxfordpets,densenet161,0.897619763112391,37,gbc_score,-0.630361132564153
oxfordpets,densenet169,0.8795821732489999,37,gbc_score,-0.8257037413982422
oxfordpets,efficientnet_b0,0.8229526342277249,37,gbc_score,-0.4281452349168282
oxfordpets,mobilenetv2_050,0.5279134544998093,37,gbc_score,-2.8098215123599135
oxfordpets,mobilenetv2_100,0.804906614586994,37,gbc_score,-0.7785236971601817
oxfordpets,resnet18,0.8225932574807326,37,gbc_score,-1.361257264446727
oxfordpets,resnet34,0.862167026654045,37,gbc_score,-0.5243376264263093
oxfordpets,resnet50,0.8668725137592109,37,gbc_score,-0.30541907467308926
oxfordpets,vit_small_patch16_224,0.9126805247581838,37,gbc_score,-0.5487712377923283
oxfordpets,densenet121,0.8433245044624137,37,pactran_score,-0.4629421097842501
oxfordpets,densenet161,0.897619763112391,37,pactran_score,-0.3928643040394142
oxfordpets,densenet169,0.8795821732489999,37,pactran_score,-0.41651709710351326
oxfordpets,efficientnet_b0,0.8229526342277249,37,pactran_score,-0.43685303521765423
oxfordpets,mobilenetv2_050,0.5279134544998093,37,pactran_score,-1.592898453693179
oxfordpets,mobilenetv2_100,0.804906614586994,37,pactran_score,-0.456913998310054
oxfordpets,resnet18,0.8225932574807326,37,pactran_score,-0.5216642494661009
oxfordpets,resnet34,0.862167026654045,37,pactran_score,-0.5076721459542853
oxfordpets,resnet50,0.8668725137592109,37,pactran_score,-0.4616238804917712
oxfordpets,vit_small_patch16_224,0.9126805247581838,37,pactran_score,-0.5099767180364403
oxfordpets,densenet121,0.8433245044624137,37,etran_energy_score,1.6838656019149918
oxfordpets,densenet161,0.897619763112391,37,etran_energy_score,1.7100798027572526
oxfordpets,densenet169,0.8795821732489999,37,etran_energy_score,1.5808835408752322
oxfordpets,efficientnet_b0,0.8229526342277249,37,etran_energy_score,0.9828608241861309
oxfordpets,mobilenetv2_050,0.5279134544998093,37,etran_energy_score,0.0
oxfordpets,mobilenetv2_100,0.804906614586994,37,etran_energy_score,1.0903961039673526
oxfordpets,resnet18,0.8225932574807326,37,etran_energy_score,1.0041483183632174
oxfordpets,resnet34,0.862167026654045,37,etran_energy_score,1.0962357055176262
oxfordpets,resnet50,0.8668725137592109,37,etran_energy_score,1.2856282868227153
oxfordpets,vit_small_patch16_224,0.9126805247581838,37,etran_energy_score,1.9959475645905762
oxfordpets,densenet121,0.8433245044624137,37,ncti_score,0.7987607720649974
oxfordpets,densenet161,0.897619763112391,37,ncti_score,1.3803158243277749
oxfordpets,densenet169,0.8795821732489999,37,ncti_score,1.1292256397765974
oxfordpets,efficientnet_b0,0.8229526342277249,37,ncti_score,1.2082686993659868
oxfordpets,mobilenetv2_050,0.5279134544998093,37,ncti_score,-1.0
oxfordpets,mobilenetv2_100,0.804906614586994,37,ncti_score,0.6330439928369276
oxfordpets,resnet18,0.8225932574807326,37,ncti_score,0.6170722882578666
oxfordpets,resnet34,0.862167026654045,37,ncti_score,1.2791570283838163
oxfordpets,resnet50,0.8668725137592109,37,ncti_score,1.7776241449730434
oxfordpets,vit_small_patch16_224,0.9126805247581838,37,ncti_score,1.5535316333344045
oxfordpets,densenet121,0.8433245044624137,37,tmi_score,62.43399751626296
oxfordpets,densenet161,0.897619763112391,37,tmi_score,108.86659580060936
oxfordpets,densenet169,0.8795821732489999,37,tmi_score,87.29152485217415
oxfordpets,efficientnet_b0,0.8229526342277249,37,tmi_score,36.567034823628056
oxfordpets,mobilenetv2_050,0.5279134544998093,37,tmi_score,24.072352866170377
oxfordpets,mobilenetv2_100,0.804906614586994,37,tmi_score,43.659719605716816
oxfordpets,resnet18,0.8225932574807326,37,tmi_score,23.436120467211712
oxfordpets,resnet34,0.862167026654045,37,tmi_score,26.894023762288672
oxfordpets,resnet50,0.8668725137592109,37,tmi_score,41.31795033537681
oxfordpets,vit_small_patch16_224,0.9126805247581838,37,tmi_score,24.590811084156176
flowers102,densenet121,0.8122915012623841,102,imagenet,74.434
flowers102,densenet161,0.8333726384579402,102,imagenet,77.138
flowers102,densenet169,0.8223056036321225,102,imagenet,75.6
flowers102,efficientnet_b0,0.7434734665023244,102,imagenet,77.692
flowers102,mobilenetv2_050,0.5767987315916256,102,imagenet,65.95
flowers102,mobilenetv2_100,0.7358685389053204,102,imagenet,72.976
flowers102,resnet18,0.7441990383732835,102,imagenet,69.758
flowers102,resnet34,0.6762340544616706,102,imagenet,73.314
flowers102,resnet50,0.5438919195902688,102,imagenet,76.13
flowers102,vit_small_patch16_224,0.9884359583322812,102,imagenet,78.846
flowers102,densenet121,0.8122915012623841,102,hscore_score,100.9612589671411
flowers102,densenet161,0.8333726384579402,102,hscore_score,100.73912423310594
flowers102,densenet169,0.8223056036321225,102,hscore_score,100.99999887838044
flowers102,efficientnet_b0,0.7434734665023244,102,hscore_score,100.99999980540989
flowers102,mobilenetv2_050,0.5767987315916256,102,hscore_score,101.00000006563086
flowers102,mobilenetv2_100,0.7358685389053204,102,hscore_score,100.99999968149592
flowers102,resnet18,0.7441990383732835,102,hscore_score,70.0219422438254
flowers102,resnet34,0.6762340544616706,102,hscore_score,69.31970630493134
flowers102,resnet50,0.5438919195902688,102,hscore_score,100.99999976505516
flowers102,vit_small_patch16_224,0.9884359583322812,102,hscore_score,86.6366682946682
flowers102,densenet121,0.8122915012623841,102,nce_score,-2.98262499789193
flowers102,densenet161,0.8333726384579402,102,nce_score,-2.93610918839779
flowers102,densenet169,0.8223056036321225,102,nce_score,-2.977821835240823
flowers102,efficientnet_b0,0.7434734665023244,102,nce_score,-2.9212065971297485
flowers102,mobilenetv2_050,0.5767987315916256,102,nce_score,-2.7747284345555814
flowers102,mobilenetv2_100,0.7358685389053204,102,nce_score,-2.868472529406774
flowers102,resnet18,0.7441990383732835,102,nce_score,-2.757391207562258
flowers102,resnet34,0.6762340544616706,102,nce_score,-2.9049559161221805
flowers102,resnet50,0.5438919195902688,102,nce_score,-3.0229112713912003
flowers102,vit_small_patch16_224,0.9884359583322812,102,nce_score,-3.0129621948328316
flowers102,densenet121,0.8122915012623841,102,leep_score,-3.549435041711758
flowers102,densenet161,0.8333726384579402,102,leep_score,-3.2349295516973213
flowers102,densenet169,0.8223056036321225,102,leep_score,-3.2650060239086525
flowers102,efficientnet_b0,0.7434734665023244,102,leep_score,-3.450371576876232
flowers102,mobilenetv2_050,0.5767987315916256,102,leep_score,-3.494686780253822
flowers102,mobilenetv2_100,0.7358685389053204,102,leep_score,-3.545724541994675
flowers102,resnet18,0.7441990383732835,102,leep_score,-3.2041776377362092
flowers102,resnet34,0.6762340544616706,102,leep_score,-3.474633036726879
flowers102,resnet50,0.5438919195902688,102,leep_score,-3.2928909412650773
flowers102,vit_small_patch16_224,0.9884359583322812,102,leep_score,-3.3521857835234714
flowers102,densenet121,0.8122915012623841,102,nleep_score,-0.2740038001534719
flowers102,densenet161,0.8333726384579402,102,nleep_score,-0.2817275113713337
flowers102,densenet169,0.8223056036321225,102,nleep_score,-0.31112198198792007
flowers102,efficientnet_b0,0.7434734665023244,102,nleep_score,-0.2635978391362233
flowers102,mobilenetv2_050,0.5767987315916256,102,nleep_score,-0.2892933543863431
flowers102,mobilenetv2_100,0.7358685389053204,102,nleep_score,-0.20618966787637583
flowers102,resnet18,0.7441990383732835,102,nleep_score,-0.3594726044211111
flowers102,resnet34,0.6762340544616706,102,nleep_score,-0.3999448858407704
flowers102,resnet50,0.5438919195902688,102,nleep_score,-0.3374849439667919
flowers102,vit_small_patch16_224,0.9884359583322812,102,nleep_score,0.0
flowers102,densenet121,0.8122915012623841,102,parc_score,13.923282359556335
flowers102,densenet161,0.8333726384579402,102,parc_score,13.842555595135645
flowers102,densenet169,0.8223056036321225,102,parc_score,13.57243220452252
flowers102,efficientnet_b0,0.7434734665023244,102,parc_score,13.97872285898442
flowers102,mobilenetv2_050,0.5767987315916256,102,parc_score,13.428092475419383
flowers102,mobilenetv2_100,0.7358685389053204,102,parc_score,14.044524494945549
flowers102,resnet18,0.7441990383732835,102,parc_score,13.298290505751195
flowers102,resnet34,0.6762340544616706,102,parc_score,13.072337038993853
flowers102,resnet50,0.5438919195902688,102,parc_score,13.72520831236074
flowers102,vit_small_patch16_224,0.9884359583322812,102,parc_score,15.946199033577807
flowers102,densenet121,0.8122915012623841,102,reg_hscore_score,74.24382085065989
flowers102,densenet161,0.8333726384579402,102,reg_hscore_score,80.10145503386045
flowers102,densenet169,0.8223056036321225,102,reg_hscore_score,75.10457801171654
flowers102,efficientnet_b0,0.7434734665023244,102,reg_hscore_score,82.29894501273535
flowers102,mobilenetv2_050,0.5767987315916256,102,reg_hscore_score,80.14201851554849
flowers102,mobilenetv2_100,0.7358685389053204,102,reg_hscore_score,80.34154561151635
flowers102,resnet18,0.7441990383732835,102,reg_hscore_score,55.11407676198001
flowers102,resnet34,0.6762340544616706,102,reg_hscore_score,55.91420323313626
flowers102,resnet50,0.5438919195902688,102,reg_hscore_score,87.33866907431425
flowers102,vit_small_patch16_224,0.9884359583322812,102,reg_hscore_score,77.4582848640652
flowers102,densenet121,0.8122915012623841,102,sfda_score,1.0
flowers102,densenet161,0.8333726384579402,102,sfda_score,1.0
flowers102,densenet169,0.8223056036321225,102,sfda_score,1.0
flowers102,efficientnet_b0,0.7434734665023244,102,sfda_score,1.0
flowers102,mobilenetv2_050,0.5767987315916256,102,sfda_score,0.8936560027992735
flowers102,mobilenetv2_100,0.7358685389053204,102,sfda_score,1.0
flowers102,resnet18,0.7441990383732835,102,sfda_score,0.9978665675234584
flowers102,resnet34,0.6762340544616706,102,sfda_score,0.9904503349329296
flowers102,resnet50,0.5438919195902688,102,sfda_score,1.0
flowers102,vit_small_patch16_224,0.9884359583322812,102,sfda_score,1.0
flowers102,densenet121,0.8122915012623841,102,logme_score,1.0278800953217089
flowers102,densenet161,0.8333726384579402,102,logme_score,1.0315294451360744
flowers102,densenet169,0.8223056036321225,102,logme_score,1.0245111818937649
flowers102,efficientnet_b0,0.7434734665023244,102,logme_score,1.0652371932305849
flowers102,mobilenetv2_050,0.5767987315916256,102,logme_score,1.038522964967339
flowers102,mobilenetv2_100,0.7358685389053204,102,logme_score,1.0567941077636644
flowers102,resnet18,0.7441990383732835,102,logme_score,0.9883959485146336
flowers102,resnet34,0.6762340544616706,102,logme_score,0.9953849771806949
flowers102,resnet50,0.5438919195902688,102,logme_score,1.0527939711599212
flowers102,vit_small_patch16_224,0.9884359583322812,102,logme_score,1.3464724806592423
flowers102,densenet121,0.8122915012623841,102,gbc_score,-1.4120616553486196
flowers102,densenet161,0.8333726384579402,102,gbc_score,-1.8939249848451865
flowers102,densenet169,0.8223056036321225,102,gbc_score,-2.480754817630016
flowers102,efficientnet_b0,0.7434734665023244,102,gbc_score,-1.144492106691977
flowers102,mobilenetv2_050,0.5767987315916256,102,gbc_score,-2.306872746888953
flowers102,mobilenetv2_100,0.7358685389053204,102,gbc_score,-1.3395583700347888
flowers102,resnet18,0.7441990383732835,102,gbc_score,-3.5382819733807787
flowers102,resnet34,0.6762340544616706,102,gbc_score,-3.922227361437873
flowers102,resnet50,0.5438919195902688,102,gbc_score,-2.871320156496473
flowers102,vit_small_patch16_224,0.9884359583322812,102,gbc_score,-0.0036700938101112105
flowers102,densenet121,0.8122915012623841,102,pactran_score,-2.4352955558924703
flowers102,densenet161,0.8333726384579402,102,pactran_score,-1.984147832271949
flowers102,densenet169,0.8223056036321225,102,pactran_score,-2.1479967039988557
flowers102,efficientnet_b0,0.7434734665023244,102,pactran_score,-2.2565997019139146
flowers102,mobilenetv2_050,0.5767987315916256,102,pactran_score,-4.696399107748748
flowers102,mobilenetv2_100,0.7358685389053204,102,pactran_score,-2.2588326312157294
flowers102,resnet18,0.7441990383732835,102,pactran_score,-2.8000261564359556
flowers102,resnet34,0.6762340544616706,102,pactran_score,-2.8819749723524968
flowers102,resnet50,0.5438919195902688,102,pactran_score,-2.4495753324188083
flowers102,vit_small_patch16_224,0.9884359583322812,102,pactran_score,-2.488177540854045
flowers102,densenet121,0.8122915012623841,102,etran_energy_score,1.9272513934225257
flowers102,densenet161,0.8333726384579402,102,etran_energy_score,1.7978300803297973
flowers102,densenet169,0.8223056036321225,102,etran_energy_score,1.6306317850707779
flowers102,efficientnet_b0,0.7434734665023244,102,etran_energy_score,0.9491113711052165
flowers102,mobilenetv2_050,0.5767987315916256,102,etran_energy_score,0.03881244695947205
flowers102,mobilenetv2_100,0.7358685389053204,102,etran_energy_score,1.1042343359079285
flowers102,resnet18,0.7441990383732835,102,etran_energy_score,0.9300305040944281
flowers102,resnet34,0.6762340544616706,102,etran_energy_score,1.4832016842156905
flowers102,resnet50,0.5438919195902688,102,etran_energy_score,1.0304780721931877
flowers102,vit_small_patch16_224,0.9884359583322812,102,etran_energy_score,1.9712837823195062
flowers102,densenet121,0.8122915012623841,102,ncti_score,0.07485863588152741
flowers102,densenet161,0.8333726384579402,102,ncti_score,0.14630857190975677
flowers102,densenet169,0.8223056036321225,102,ncti_score,-0.07832246198903148
flowers102,efficientnet_b0,0.7434734665023244,102,ncti_score,0.008829089175482197
flowers102,mobilenetv2_050,0.5767987315916256,102,ncti_score,-0.8085072266337493
flowers102,mobilenetv2_100,0.7358685389053204,102,ncti_score,-0.01501017888979006
flowers102,resnet18,0.7441990383732835,102,ncti_score,-0.2354287367512254
flowers102,resnet34,0.6762340544616706,102,ncti_score,-0.9725597921977401
flowers102,resnet50,0.5438919195902688,102,ncti_score,-0.3194224195004306
flowers102,vit_small_patch16_224,0.9884359583322812,102,ncti_score,2.0
flowers102,densenet121,0.8122915012623841,102,tmi_score,24.655160394385614
flowers102,densenet161,0.8333726384579402,102,tmi_score,43.92986195069321
flowers102,densenet169,0.8223056036321225,102,tmi_score,34.55161375796937
flowers102,efficientnet_b0,0.7434734665023244,102,tmi_score,16.985624817208198
flowers102,mobilenetv2_050,0.5767987315916256,102,tmi_score,8.71134666049704
flowers102,mobilenetv2_100,0.7358685389053204,102,tmi_score,19.358953364158584
flowers102,resnet18,0.7441990383732835,102,tmi_score,8.845159769353414
flowers102,resnet34,0.6762340544616706,102,tmi_score,11.260268918060412
flowers102,resnet50,0.5438919195902688,102,tmi_score,16.77883500878637
flowers102,vit_small_patch16_224,0.9884359583322812,102,tmi_score,9.06573003182013
dtd,densenet121,0.6329787234042553,47,imagenet,74.434
dtd,densenet161,0.6388297872340425,47,imagenet,77.138
dtd,densenet169,0.6191489361702128,47,imagenet,75.6
dtd,efficientnet_b0,0.549468085106383,47,imagenet,77.692
dtd,mobilenetv2_050,0.4473404255319149,47,imagenet,65.95
dtd,mobilenetv2_100,0.571808510638298,47,imagenet,72.976
dtd,resnet18,0.5537234042553191,47,imagenet,69.758
dtd,resnet34,0.5398936170212765,47,imagenet,73.314
dtd,resnet50,0.5893617021276595,47,imagenet,76.13
dtd,vit_small_patch16_224,0.7111702127659575,47,imagenet,78.846
dtd,densenet121,0.6329787234042553,47,hscore_score,34.97080131147158
dtd,densenet161,0.6388297872340425,47,hscore_score,37.62155380069177
dtd,densenet169,0.6191489361702128,47,hscore_score,43.38263799368319
dtd,efficientnet_b0,0.549468085106383,47,hscore_score,38.86311895058034
dtd,mobilenetv2_050,0.4473404255319149,47,hscore_score,37.72746879359879
dtd,mobilenetv2_100,0.571808510638298,47,hscore_score,38.725942624470335
dtd,resnet18,0.5537234042553191,47,hscore_score,24.76658906282804
dtd,resnet34,0.5398936170212765,47,hscore_score,25.61664576870755
dtd,resnet50,0.5893617021276595,47,hscore_score,46.00000041236004
dtd,vit_small_patch16_224,0.7111702127659575,47,hscore_score,26.43144866079092
dtd,densenet121,0.6329787234042553,47,nce_score,-1.4558123108037908
dtd,densenet161,0.6388297872340425,47,nce_score,-1.4021062729246951
dtd,densenet169,0.6191489361702128,47,nce_score,-1.383013076710971
dtd,efficientnet_b0,0.549468085106383,47,nce_score,-1.50984733602495
dtd,mobilenetv2_050,0.4473404255319149,47,nce_score,-1.509661268850874
dtd,mobilenetv2_100,0.571808510638298,47,nce_score,-1.4847760658030718
dtd,resnet18,0.5537234042553191,47,nce_score,-1.4353517395476192
dtd,resnet34,0.5398936170212765,47,nce_score,-1.489351439153754
dtd,resnet50,0.5893617021276595,47,nce_score,-1.403373237265023
dtd,vit_small_patch16_224,0.7111702127659575,47,nce_score,-1.4258025214161445
dtd,densenet121,0.6329787234042553,47,leep_score,-2.281833793238829
dtd,densenet161,0.6388297872340425,47,leep_score,-1.806919872555946
dtd,densenet169,0.6191489361702128,47,leep_score,-1.8248003182690509
dtd,efficientnet_b0,0.549468085106383,47,leep_score,-2.2533865324741513
dtd,mobilenetv2_050,0.4473404255319149,47,leep_score,-2.5868593238200748
dtd,mobilenetv2_100,0.571808510638298,47,leep_score,-2.375457968534059
dtd,resnet18,0.5537234042553191,47,leep_score,-2.10850626365405
dtd,resnet34,0.5398936170212765,47,leep_score,-2.267750722658099
dtd,resnet50,0.5893617021276595,47,leep_score,-1.8183235751953677
dtd,vit_small_patch16_224,0.7111702127659575,47,leep_score,-1.9602551259136205
dtd,densenet121,0.6329787234042553,47,nleep_score,-1.0028312075262005
dtd,densenet161,0.6388297872340425,47,nleep_score,-1.0800567698066876
dtd,densenet169,0.6191489361702128,47,nleep_score,-1.0828599141422732
dtd,efficientnet_b0,0.549468085106383,47,nleep_score,-1.054257850114635
dtd,mobilenetv2_050,0.4473404255319149,47,nleep_score,-1.2174521858658889
dtd,mobilenetv2_100,0.571808510638298,47,nleep_score,-1.068304524436142
dtd,resnet18,0.5537234042553191,47,nleep_score,-1.1363336734399787
dtd,resnet34,0.5398936170212765,47,nleep_score,-1.054580983230821
dtd,resnet50,0.5893617021276595,47,nleep_score,-0.9877192728374102
dtd,vit_small_patch16_224,0.7111702127659575,47,nleep_score,-0.797352215730115
dtd,densenet121,0.6329787234042553,47,parc_score,14.9411336932365
dtd,densenet161,0.6388297872340425,47,parc_score,14.894651514508247
dtd,densenet169,0.6191489361702128,47,parc_score,14.687109071580554
dtd,efficientnet_b0,0.549468085106383,47,parc_score,14.501410098717116
dtd,mobilenetv2_050,0.4473404255319149,47,parc_score,13.2224983179458
dtd,mobilenetv2_100,0.571808510638298,47,parc_score,14.701405938017642
dtd,resnet18,0.5537234042553191,47,parc_score,14.129213307796382
dtd,resnet34,0.5398936170212765,47,parc_score,14.159424663016368
dtd,resnet50,0.5893617021276595,47,parc_score,15.70768228159937
dtd,vit_small_patch16_224,0.7111702127659575,47,parc_score,16.082238981503522
dtd,densenet121,0.6329787234042553,47,reg_hscore_score,29.077256731912364
dtd,densenet161,0.6388297872340425,47,reg_hscore_score,30.090916357308096
dtd,densenet169,0.6191489361702128,47,reg_hscore_score,28.786187022909427
dtd,efficientnet_b0,0.549468085106383,47,reg_hscore_score,32.31873970142061
dtd,mobilenetv2_050,0.4473404255319149,47,reg_hscore_score,30.017988291486784
dtd,mobilenetv2_100,0.571808510638298,47,reg_hscore_score,31.69126141953262
dtd,resnet18,0.5537234042553191,47,reg_hscore_score,22.005739790906723
dtd,resnet34,0.5398936170212765,47,reg_hscore_score,23.462131074083658
dtd,resnet50,0.5893617021276595,47,reg_hscore_score,36.5087561082475
dtd,vit_small_patch16_224,0.7111702127659575,47,reg_hscore_score,24.74570269464293
dtd,densenet121,0.6329787234042553,47,sfda_score,0.9314987867510628
dtd,densenet161,0.6388297872340425,47,sfda_score,0.9548355215553193
dtd,densenet169,0.6191489361702128,47,sfda_score,0.9999999999993486
dtd,efficientnet_b0,0.549468085106383,47,sfda_score,0.991280344329819
dtd,mobilenetv2_050,0.4473404255319149,47,sfda_score,0.5839947699294907
dtd,mobilenetv2_100,0.571808510638298,47,sfda_score,0.9813392805231412
dtd,resnet18,0.5537234042553191,47,sfda_score,0.7697688905641676
dtd,resnet34,0.5398936170212765,47,sfda_score,0.769121555339658
dtd,resnet50,0.5893617021276595,47,sfda_score,0.9999999999182552
dtd,vit_small_patch16_224,0.7111702127659575,47,sfda_score,0.78889370703023
dtd,densenet121,0.6329787234042553,47,logme_score,0.7023168881616476
dtd,densenet161,0.6388297872340425,47,logme_score,0.6919107849787289
dtd,densenet169,0.6191489361702128,47,logme_score,0.6890773656533306
dtd,efficientnet_b0,0.549468085106383,47,logme_score,0.7010595450639783
dtd,mobilenetv2_050,0.4473404255319149,47,logme_score,0.6627886526988005
dtd,mobilenetv2_100,0.571808510638298,47,logme_score,0.6979816741766
dtd,resnet18,0.5537234042553191,47,logme_score,0.6496332878128861
dtd,resnet34,0.5398936170212765,47,logme_score,0.6677931990868698
dtd,resnet50,0.5893617021276595,47,logme_score,0.7500649693931117
dtd,vit_small_patch16_224,0.7111702127659575,47,logme_score,0.7269121224472035
dtd,densenet121,0.6329787234042553,47,gbc_score,-13.309438818248587
dtd,densenet161,0.6388297872340425,47,gbc_score,-16.89528090714211
dtd,densenet169,0.6191489361702128,47,gbc_score,-17.300642706880584
dtd,efficientnet_b0,0.549468085106383,47,gbc_score,-16.208303087853537
dtd,mobilenetv2_050,0.4473404255319149,47,gbc_score,-24.978194037296394
dtd,mobilenetv2_100,0.571808510638298,47,gbc_score,-16.124989371326837
dtd,resnet18,0.5537234042553191,47,gbc_score,-23.963557288350668
dtd,resnet34,0.5398936170212765,47,gbc_score,-19.33184919537886
dtd,resnet50,0.5893617021276595,47,gbc_score,-11.79377033095684
dtd,vit_small_patch16_224,0.7111702127659575,47,gbc_score,-8.94262790778959
dtd,densenet121,0.6329787234042553,47,pactran_score,-0.9335805458609888
dtd,densenet161,0.6388297872340425,47,pactran_score,-0.8064388779760054
dtd,densenet169,0.6191489361702128,47,pactran_score,-0.8481129361477353
dtd,efficientnet_b0,0.549468085106383,47,pactran_score,-0.8966393420789643
dtd,mobilenetv2_050,0.4473404255319149,47,pactran_score,-2.6271643271294884
dtd,mobilenetv2_100,0.571808510638298,47,pactran_score,-0.9105405336476958
dtd,resnet18,0.5537234042553191,47,pactran_score,-1.1013575751313935
dtd,resnet34,0.5398936170212765,47,pactran_score,-1.0537139481473827
dtd,resnet50,0.5893617021276595,47,pactran_score,-1.0253585523123994
dtd,vit_small_patch16_224,0.7111702127659575,47,pactran_score,-1.0053014504333715
dtd,densenet121,0.6329787234042553,47,etran_energy_score,1.8917189723901977
dtd,densenet161,0.6388297872340425,47,etran_energy_score,1.8688501171994423
dtd,densenet169,0.6191489361702128,47,etran_energy_score,1.7246054315469066
dtd,efficientnet_b0,0.549468085106383,47,etran_energy_score,1.2539666234263083
dtd,mobilenetv2_050,0.4473404255319149,47,etran_energy_score,0.32470907751641476
dtd,mobilenetv2_100,0.571808510638298,47,etran_energy_score,1.3639311816096396
dtd,resnet18,0.5537234042553191,47,etran_energy_score,0.8432782802344323
dtd,resnet34,0.5398936170212765,47,etran_energy_score,1.8851375163050945
dtd,resnet50,0.5893617021276595,47,etran_energy_score,1.399693740662523
dtd,vit_small_patch16_224,0.7111702127659575,47,etran_energy_score,1.7397216297338063
dtd,densenet121,0.6329787234042553,47,ncti_score,0.628924309773025
dtd,densenet161,0.6388297872340425,47,ncti_score,0.6246379895316879
dtd,densenet169,0.6191489361702128,47,ncti_score,0.5890961205878869
dtd,efficientnet_b0,0.549468085106383,47,ncti_score,0.5169179205552099
dtd,mobilenetv2_050,0.4473404255319149,47,ncti_score,-1.0
dtd,mobilenetv2_100,0.571808510638298,47,ncti_score,0.3622350497001462
dtd,resnet18,0.5537234042553191,47,ncti_score,0.08988994046556564
dtd,resnet34,0.5398936170212765,47,ncti_score,0.14297668215621517
dtd,resnet50,0.5893617021276595,47,ncti_score,1.026206761910454
dtd,vit_small_patch16_224,0.7111702127659575,47,ncti_score,1.8858944268709048
dtd,densenet121,0.6329787234042553,47,tmi_score,60.14997500108117
dtd,densenet161,0.6388297872340425,47,tmi_score,119.22515182596824
dtd,densenet169,0.6191489361702128,47,tmi_score,91.53123803560024
dtd,efficientnet_b0,0.549468085106383,47,tmi_score,47.45751776665526
dtd,mobilenetv2_050,0.4473404255319149,47,tmi_score,18.935785833099292
dtd,mobilenetv2_100,0.571808510638298,47,tmi_score,52.56214091211978
dtd,resnet18,0.5537234042553191,47,tmi_score,22.068658378696504
dtd,resnet34,0.5398936170212765,47,tmi_score,28.510221033325102
dtd,resnet50,0.5893617021276595,47,tmi_score,54.22660051775595
dtd,vit_small_patch16_224,0.7111702127659575,47,tmi_score,22.022557565161694
stanfordcars,densenet121,0.2954300020101194,196,imagenet,74.434
stanfordcars,densenet161,0.3176861346181124,196,imagenet,77.138
stanfordcars,densenet169,0.2814732579772382,196,imagenet,75.6
stanfordcars,efficientnet_b0,0.2431929745782342,196,imagenet,77.692
stanfordcars,mobilenetv2_050,0.0460131990752279,196,imagenet,65.95
stanfordcars,mobilenetv2_100,0.2696122802462626,196,imagenet,72.976
stanfordcars,resnet18,0.2024625833087256,196,imagenet,69.758
stanfordcars,resnet34,0.1798473444629543,196,imagenet,73.314
stanfordcars,resnet50,0.1625419634395364,196,imagenet,76.13
stanfordcars,vit_small_patch16_224,0.463639982623756,196,imagenet,78.846
stanfordcars,densenet121,0.2954300020101194,196,hscore_score,49.99843256827869
stanfordcars,densenet161,0.3176861346181124,196,hscore_score,57.96926653848828
stanfordcars,densenet169,0.2814732579772382,196,hscore_score,73.58098034438014
stanfordcars,efficientnet_b0,0.2431929745782342,196,hscore_score,62.89314199656525
stanfordcars,mobilenetv2_050,0.0460131990752279,196,hscore_score,56.13532482127815
stanfordcars,mobilenetv2_100,0.2696122802462626,196,hscore_score,57.99994179335899
stanfordcars,resnet18,0.2024625833087256,196,hscore_score,28.861763035168742
stanfordcars,resnet34,0.1798473444629543,196,hscore_score,30.430779962256167
stanfordcars,resnet50,0.1625419634395364,196,hscore_score,82.70352149831605
stanfordcars,vit_small_patch16_224,0.463639982623756,196,hscore_score,30.69755119971356
stanfordcars,densenet121,0.2954300020101194,196,nce_score,-4.2676439156312345
stanfordcars,densenet161,0.3176861346181124,196,nce_score,-4.178215608414339
stanfordcars,densenet169,0.2814732579772382,196,nce_score,-4.193893866234733
stanfordcars,efficientnet_b0,0.2431929745782342,196,nce_score,-4.209078155027623
stanfordcars,mobilenetv2_050,0.0460131990752279,196,nce_score,-4.3980895641132385
stanfordcars,mobilenetv2_100,0.2696122802462626,196,nce_score,-4.35472553244994
stanfordcars,resnet18,0.2024625833087256,196,nce_score,-4.3600967593020155
stanfordcars,resnet34,0.1798473444629543,196,nce_score,-4.253860886370075
stanfordcars,resnet50,0.1625419634395364,196,nce_score,-4.158208926090436
stanfordcars,vit_small_patch16_224,0.463639982623756,196,nce_score,-4.1632933429907135
stanfordcars,densenet121,0.2954300020101194,196,leep_score,-4.5340866178897015
stanfordcars,densenet161,0.3176861346181124,196,leep_score,-4.265955331563864
stanfordcars,densenet169,0.2814732579772382,196,leep_score,-4.275411107292445
stanfordcars,efficientnet_b0,0.2431929745782342,196,leep_score,-4.383154146854648
stanfordcars,mobilenetv2_050,0.0460131990752279,196,leep_score,-4.708598158433885
stanfordcars,mobilenetv2_100,0.2696122802462626,196,leep_score,-4.591833074444812
stanfordcars,resnet18,0.2024625833087256,196,leep_score,-4.499687697689969
stanfordcars,resnet34,0.1798473444629543,196,leep_score,-4.450229321236492
stanfordcars,resnet50,0.1625419634395364,196,leep_score,-4.171498217302797
stanfordcars,vit_small_patch16_224,0.463639982623756,196,leep_score,-4.299981400563312
stanfordcars,densenet121,0.2954300020101194,196,nleep_score,-1.81727195163843
stanfordcars,densenet161,0.3176861346181124,196,nleep_score,-1.6933667611742382
stanfordcars,densenet169,0.2814732579772382,196,nleep_score,-1.761793594459142
stanfordcars,efficientnet_b0,0.2431929745782342,196,nleep_score,-1.7121420817547393
stanfordcars,mobilenetv2_050,0.0460131990752279,196,nleep_score,-1.909061930984458
stanfordcars,mobilenetv2_100,0.2696122802462626,196,nleep_score,-1.7753642216180363
stanfordcars,resnet18,0.2024625833087256,196,nleep_score,-1.9168512644035485
stanfordcars,resnet34,0.1798473444629543,196,nleep_score,-1.7941687195000866
stanfordcars,resnet50,0.1625419634395364,196,nleep_score,-1.7133855536270466
stanfordcars,vit_small_patch16_224,0.463639982623756,196,nleep_score,-1.6275138918546634
stanfordcars,densenet121,0.2954300020101194,196,parc_score,5.533295955980572
stanfordcars,densenet161,0.3176861346181124,196,parc_score,5.856181267401093
stanfordcars,densenet169,0.2814732579772382,196,parc_score,5.607075287468288
stanfordcars,efficientnet_b0,0.2431929745782342,196,parc_score,6.1533435728060875
stanfordcars,mobilenetv2_050,0.0460131990752279,196,parc_score,5.011788070922632
stanfordcars,mobilenetv2_100,0.2696122802462626,196,parc_score,5.555519049582587
stanfordcars,resnet18,0.2024625833087256,196,parc_score,5.0674317791713435
stanfordcars,resnet34,0.1798473444629543,196,parc_score,5.719300652555104
stanfordcars,resnet50,0.1625419634395364,196,parc_score,6.235083315570228
stanfordcars,vit_small_patch16_224,0.463639982623756,196,parc_score,6.578748698211284
stanfordcars,densenet121,0.2954300020101194,196,reg_hscore_score,44.761324959109416
stanfordcars,densenet161,0.3176861346181124,196,reg_hscore_score,45.29211401123305
stanfordcars,densenet169,0.2814732579772382,196,reg_hscore_score,41.55224287323654
stanfordcars,efficientnet_b0,0.2431929745782342,196,reg_hscore_score,60.42544811976507
stanfordcars,mobilenetv2_050,0.0460131990752279,196,reg_hscore_score,51.41257516584021
stanfordcars,mobilenetv2_100,0.2696122802462626,196,reg_hscore_score,52.84273077361715
stanfordcars,resnet18,0.2024625833087256,196,reg_hscore_score,27.698663230511787
stanfordcars,resnet34,0.1798473444629543,196,reg_hscore_score,29.619356922980707
stanfordcars,resnet50,0.1625419634395364,196,reg_hscore_score,73.49978590811465
stanfordcars,vit_small_patch16_224,0.463639982623756,196,reg_hscore_score,30.298559830459695
stanfordcars,densenet121,0.2954300020101194,196,sfda_score,0.8126034313970552
stanfordcars,densenet161,0.3176861346181124,196,sfda_score,0.8626107671266516
stanfordcars,densenet169,0.2814732579772382,196,sfda_score,0.9650883365455508
stanfordcars,efficientnet_b0,0.2431929745782342,196,sfda_score,0.8685568995547139
stanfordcars,mobilenetv2_050,0.0460131990752279,196,sfda_score,0.5286618837959176
stanfordcars,mobilenetv2_100,0.2696122802462626,196,sfda_score,0.8184153745447212
stanfordcars,resnet18,0.2024625833087256,196,sfda_score,0.6247980341405598
stanfordcars,resnet34,0.1798473444629543,196,sfda_score,0.5730087322314003
stanfordcars,resnet50,0.1625419634395364,196,sfda_score,0.802625112815614
stanfordcars,vit_small_patch16_224,0.463639982623756,196,sfda_score,0.6242930437072188
stanfordcars,densenet121,0.2954300020101194,196,logme_score,1.2527882317567192
stanfordcars,densenet161,0.3176861346181124,196,logme_score,1.255683386480305
stanfordcars,densenet169,0.2814732579772382,196,logme_score,1.253202018053125
stanfordcars,efficientnet_b0,0.2431929745782342,196,logme_score,1.2635501005650864
stanfordcars,mobilenetv2_050,0.0460131990752279,196,logme_score,1.2513798594727197
stanfordcars,mobilenetv2_100,0.2696122802462626,196,logme_score,1.2554005730354438
stanfordcars,resnet18,0.2024625833087256,196,logme_score,1.244369019468646
stanfordcars,resnet34,0.1798473444629543,196,logme_score,1.2488079519395994
stanfordcars,resnet50,0.1625419634395364,196,logme_score,1.2637646456657574
stanfordcars,vit_small_patch16_224,0.463639982623756,196,logme_score,1.2565165632015234
stanfordcars,densenet121,0.2954300020101194,196,gbc_score,-1284.3096701231716
stanfordcars,densenet161,0.3176861346181124,196,gbc_score,-992.7065336460732
stanfordcars,densenet169,0.2814732579772382,196,gbc_score,-1051.9279563418354
stanfordcars,efficientnet_b0,0.2431929745782342,196,gbc_score,-828.9707573263496
stanfordcars,mobilenetv2_050,0.0460131990752279,196,gbc_score,-2150.0596754481912
stanfordcars,mobilenetv2_100,0.2696122802462626,196,gbc_score,-1340.472818890637
stanfordcars,resnet18,0.2024625833087256,196,gbc_score,-1577.5640739917926
stanfordcars,resnet34,0.1798473444629543,196,gbc_score,-1018.6209911495316
stanfordcars,resnet50,0.1625419634395364,196,gbc_score,-769.1635011609284
stanfordcars,vit_small_patch16_224,0.463639982623756,196,gbc_score,-651.0377883807341
stanfordcars,densenet121,0.2954300020101194,196,pactran_score,-1.472231897894085
stanfordcars,densenet161,0.3176861346181124,196,pactran_score,-1.289375927927457
stanfordcars,densenet169,0.2814732579772382,196,pactran_score,-1.3549083023105115
stanfordcars,efficientnet_b0,0.2431929745782342,196,pactran_score,-1.569365432489974
stanfordcars,mobilenetv2_050,0.0460131990752279,196,pactran_score,-5.11185317620693
stanfordcars,mobilenetv2_100,0.2696122802462626,196,pactran_score,-1.6041049716535376
stanfordcars,resnet18,0.2024625833087256,196,pactran_score,-1.7848643064822127
stanfordcars,resnet34,0.1798473444629543,196,pactran_score,-1.791220939743183
stanfordcars,resnet50,0.1625419634395364,196,pactran_score,-2.434789732708485
stanfordcars,vit_small_patch16_224,0.463639982623756,196,pactran_score,-1.5734266135060229
stanfordcars,densenet121,0.2954300020101194,196,etran_energy_score,1.423700084477606
stanfordcars,densenet161,0.3176861346181124,196,etran_energy_score,1.7426851608758593
stanfordcars,densenet169,0.2814732579772382,196,etran_energy_score,1.5368550076698009
stanfordcars,efficientnet_b0,0.2431929745782342,196,etran_energy_score,0.822713854290531
stanfordcars,mobilenetv2_050,0.0460131990752279,196,etran_energy_score,0.0461037637192193
stanfordcars,mobilenetv2_100,0.2696122802462626,196,etran_energy_score,0.8667584698255654
stanfordcars,resnet18,0.2024625833087256,196,etran_energy_score,0.6990134303296852
stanfordcars,resnet34,0.1798473444629543,196,etran_energy_score,0.8868669322635147
stanfordcars,resnet50,0.1625419634395364,196,etran_energy_score,0.5382094560681572
stanfordcars,vit_small_patch16_224,0.463639982623756,196,etran_energy_score,1.8332395922603264
stanfordcars,densenet121,0.2954300020101194,196,ncti_score,1.0816400667498827
stanfordcars,densenet161,0.3176861346181124,196,ncti_score,1.6861740828774225
stanfordcars,densenet169,0.2814732579772382,196,ncti_score,1.2437890700019496
stanfordcars,efficientnet_b0,0.2431929745782342,196,ncti_score,1.0947213632780575
stanfordcars,mobilenetv2_050,0.0460131990752279,196,ncti_score,-0.8249851007831295
stanfordcars,mobilenetv2_100,0.2696122802462626,196,ncti_score,1.2444687065621571
stanfordcars,resnet18,0.2024625833087256,196,ncti_score,0.8490715468089751
stanfordcars,resnet34,0.1798473444629543,196,ncti_score,0.2845820638681219
stanfordcars,resnet50,0.1625419634395364,196,ncti_score,0.47010243926774686
stanfordcars,vit_small_patch16_224,0.463639982623756,196,ncti_score,1.4485333697606864
stanfordcars,densenet121,0.2954300020101194,196,tmi_score,11.279687477652791
stanfordcars,densenet161,0.3176861346181124,196,tmi_score,20.908864978006747
stanfordcars,densenet169,0.2814732579772382,196,tmi_score,16.566111378972213
stanfordcars,efficientnet_b0,0.2431929745782342,196,tmi_score,7.096435450998396
stanfordcars,mobilenetv2_050,0.0460131990752279,196,tmi_score,4.539819927712752
stanfordcars,mobilenetv2_100,0.2696122802462626,196,tmi_score,8.072304132479928
stanfordcars,resnet18,0.2024625833087256,196,tmi_score,4.12794042797844
stanfordcars,resnet34,0.1798473444629543,196,tmi_score,5.103032606277614
stanfordcars,resnet50,0.1625419634395364,196,tmi_score,7.673109988218
stanfordcars,vit_small_patch16_224,0.463639982623756,196,tmi_score,4.6739084058809
voc2007,densenet121,0.7190852360255634,20,imagenet,74.434
voc2007,densenet161,0.7381331746045532,20,imagenet,77.138
voc2007,densenet169,0.7216894628269575,20,imagenet,75.6
voc2007,efficientnet_b0,0.6898784754014405,20,imagenet,77.692
voc2007,mobilenetv2_050,0.522078414571012,20,imagenet,65.95
voc2007,mobilenetv2_100,0.6975218642639768,20,imagenet,72.976
voc2007,resnet18,0.697573409884822,20,imagenet,69.758
voc2007,resnet34,0.6990481782760549,20,imagenet,73.314
voc2007,resnet50,0.7355698649926987,20,imagenet,76.13
voc2007,vit_small_patch16_224,0.7748736563739616,20,imagenet,78.846
voc2007,densenet121,0.7190852360255634,20,hscore_score,14.38595020892178
voc2007,densenet161,0.7381331746045532,20,hscore_score,14.754737108031469
voc2007,densenet169,0.7216894628269575,20,hscore_score,16.249430224937697
voc2007,efficientnet_b0,0.6898784754014405,20,hscore_score,15.191810900494284
voc2007,mobilenetv2_050,0.522078414571012,20,hscore_score,14.1408542797368
voc2007,mobilenetv2_100,0.6975218642639768,20,hscore_score,14.845407614267504
voc2007,resnet18,0.697573409884822,20,hscore_score,11.009325523836
voc2007,resnet34,0.6990481782760549,20,hscore_score,12.409501362757885
voc2007,resnet50,0.7355698649926987,20,hscore_score,17.890405172407906
voc2007,vit_small_patch16_224,0.7748736563739616,20,hscore_score,13.329027513042092
voc2007,densenet121,0.7190852360255634,20,nce_score,-0.5427268560035615
voc2007,densenet161,0.7381331746045532,20,nce_score,-0.5730188943384
voc2007,densenet169,0.7216894628269575,20,nce_score,-0.5672142730066441
voc2007,efficientnet_b0,0.6898784754014405,20,nce_score,-0.5390401803941205
voc2007,mobilenetv2_050,0.522078414571012,20,nce_score,-0.6558036838172508
voc2007,mobilenetv2_100,0.6975218642639768,20,nce_score,-0.5805200167159623
voc2007,resnet18,0.697573409884822,20,nce_score,-0.6114524283248552
voc2007,resnet34,0.6990481782760549,20,nce_score,-0.5681337398340522
voc2007,resnet50,0.7355698649926987,20,nce_score,-0.5553243498286328
voc2007,vit_small_patch16_224,0.7748736563739616,20,nce_score,-0.5439543398235568
voc2007,densenet121,0.7190852360255634,20,leep_score,-1.0311658868701723
voc2007,densenet161,0.7381331746045532,20,leep_score,-0.7678437618392698
voc2007,densenet169,0.7216894628269575,20,leep_score,-0.7810707913346192
voc2007,efficientnet_b0,0.6898784754014405,20,leep_score,-0.9720437596206266
voc2007,mobilenetv2_050,0.522078414571012,20,leep_score,-1.2996511672440358
voc2007,mobilenetv2_100,0.6975218642639768,20,leep_score,-1.0937995649337098
voc2007,resnet18,0.697573409884822,20,leep_score,-0.90655269358592
voc2007,resnet34,0.6990481782760549,20,leep_score,-1.024821261884027
voc2007,resnet50,0.7355698649926987,20,leep_score,-0.764388613589135
voc2007,vit_small_patch16_224,0.7748736563739616,20,leep_score,-0.7596827445698843
voc2007,densenet121,0.7190852360255634,20,nleep_score,-0.7540128357357369
voc2007,densenet161,0.7381331746045532,20,nleep_score,-0.7521396662549127
voc2007,densenet169,0.7216894628269575,20,nleep_score,-0.7848563298534987
voc2007,efficientnet_b0,0.6898784754014405,20,nleep_score,-0.8151626785725322
voc2007,mobilenetv2_050,0.522078414571012,20,nleep_score,-1.095992516180296
voc2007,mobilenetv2_100,0.6975218642639768,20,nleep_score,-0.8889822756263921
voc2007,resnet18,0.697573409884822,20,nleep_score,-0.8870010793963412
voc2007,resnet34,0.6990481782760549,20,nleep_score,-0.7620260744625235
voc2007,resnet50,0.7355698649926987,20,nleep_score,-0.7819238465515884
voc2007,vit_small_patch16_224,0.7748736563739616,20,nleep_score,-0.6760009515366564
voc2007,densenet121,0.7190852360255634,20,parc_score,21.760225707715662
voc2007,densenet161,0.7381331746045532,20,parc_score,20.23401992919813
voc2007,densenet169,0.7216894628269575,20,parc_score,20.28074739764138
voc2007,efficientnet_b0,0.6898784754014405,20,parc_score,18.97331360670822
voc2007,mobilenetv2_050,0.522078414571012,20,parc_score,16.727895839083537
voc2007,mobilenetv2_100,0.6975218642639768,20,parc_score,19.216581659353498
voc2007,resnet18,0.697573409884822,20,parc_score,19.584879050338177
voc2007,resnet34,0.6990481782760549,20,parc_score,21.470995645520382
voc2007,resnet50,0.7355698649926987,20,parc_score,22.01449652970233
voc2007,vit_small_patch16_224,0.7748736563739616,20,parc_score,21.733295856418188
voc2007,densenet121,0.7190852360255634,20,reg_hscore_score,13.4626786424742
voc2007,densenet161,0.7381331746045532,20,reg_hscore_score,13.087253365341745
voc2007,densenet169,0.7216894628269575,20,reg_hscore_score,12.710212674018011
voc2007,efficientnet_b0,0.6898784754014405,20,reg_hscore_score,14.0493139081975
voc2007,mobilenetv2_050,0.522078414571012,20,reg_hscore_score,12.80334931446408
voc2007,mobilenetv2_100,0.6975218642639768,20,reg_hscore_score,13.606400280821342
voc2007,resnet18,0.697573409884822,20,reg_hscore_score,10.497679850767897
voc2007,resnet34,0.6990481782760549,20,reg_hscore_score,12.083509495100769
voc2007,resnet50,0.7355698649926987,20,reg_hscore_score,16.385270416687487
voc2007,vit_small_patch16_224,0.7748736563739616,20,reg_hscore_score,12.3039137734778
voc2007,densenet121,0.7190852360255634,20,sfda_score,0.8675203027616225
voc2007,densenet161,0.7381331746045532,20,sfda_score,0.8588099810344867
voc2007,densenet169,0.7216894628269575,20,sfda_score,0.9635026605984094
voc2007,efficientnet_b0,0.6898784754014405,20,sfda_score,0.9236848395279472
voc2007,mobilenetv2_050,0.522078414571012,20,sfda_score,0.621156368617672
voc2007,mobilenetv2_100,0.6975218642639768,20,sfda_score,0.9229938496887063
voc2007,resnet18,0.697573409884822,20,sfda_score,0.7348611764289279
voc2007,resnet34,0.6990481782760549,20,sfda_score,0.7701712768042362
voc2007,resnet50,0.7355698649926987,20,sfda_score,0.9977728537236128
voc2007,vit_small_patch16_224,0.7748736563739616,20,sfda_score,0.7845026121412358
voc2007,densenet121,0.7190852360255634,20,logme_score,0.5624635820800957
voc2007,densenet161,0.7381331746045532,20,logme_score,0.5191042361668717
voc2007,densenet169,0.7216894628269575,20,logme_score,0.5101943660168162
voc2007,efficientnet_b0,0.6898784754014405,20,logme_score,0.5248751428151079
voc2007,mobilenetv2_050,0.522078414571012,20,logme_score,0.4145622744401363
voc2007,mobilenetv2_100,0.6975218642639768,20,logme_score,0.49667247518249213
voc2007,resnet18,0.697573409884822,20,logme_score,0.4495082037374653
voc2007,resnet34,0.6990481782760549,20,logme_score,0.5430740961277418
voc2007,resnet50,0.7355698649926987,20,logme_score,0.6298497444202159
voc2007,vit_small_patch16_224,0.7748736563739616,20,logme_score,0.5953483211130528
voc2007,densenet121,0.7190852360255634,20,gbc_score,-1.95458592790267
voc2007,densenet161,0.7381331746045532,20,gbc_score,-2.766738183344789
voc2007,densenet169,0.7216894628269575,20,gbc_score,-2.639787114676604
voc2007,efficientnet_b0,0.6898784754014405,20,gbc_score,-5.044850847860675
voc2007,mobilenetv2_050,0.522078414571012,20,gbc_score,-10.304865488625934
voc2007,mobilenetv2_100,0.6975218642639768,20,gbc_score,-5.0996645442269095
voc2007,resnet18,0.697573409884822,20,gbc_score,-3.966073591128357
voc2007,resnet34,0.6990481782760549,20,gbc_score,-3.35663304039998
voc2007,resnet50,0.7355698649926987,20,gbc_score,-2.381808912999499
voc2007,vit_small_patch16_224,0.7748736563739616,20,gbc_score,-1.5340219809964863
voc2007,densenet121,0.7190852360255634,20,pactran_score,-0.36981099859885536
voc2007,densenet161,0.7381331746045532,20,pactran_score,-0.33902992603976423
voc2007,densenet169,0.7216894628269575,20,pactran_score,-0.3536765512861528
voc2007,efficientnet_b0,0.6898784754014405,20,pactran_score,-0.3829677146970092
voc2007,mobilenetv2_050,0.522078414571012,20,pactran_score,-1.4857644258216585
voc2007,mobilenetv2_100,0.6975218642639768,20,pactran_score,-0.3971889916096889
voc2007,resnet18,0.697573409884822,20,pactran_score,-0.46849700137454425
voc2007,resnet34,0.6990481782760549,20,pactran_score,-0.4309100564497412
voc2007,resnet50,0.7355698649926987,20,pactran_score,-0.4853988294490384
voc2007,vit_small_patch16_224,0.7748736563739616,20,pactran_score,-0.40853521259494047
voc2007,densenet121,0.7190852360255634,20,etran_energy_score,1.6876364593333415
voc2007,densenet161,0.7381331746045532,20,etran_energy_score,1.723516511286154
voc2007,densenet169,0.7216894628269575,20,etran_energy_score,1.5745338327241112
voc2007,efficientnet_b0,0.6898784754014405,20,etran_energy_score,0.9592300469955946
voc2007,mobilenetv2_050,0.522078414571012,20,etran_energy_score,0.01968071624299733
voc2007,mobilenetv2_100,0.6975218642639768,20,etran_energy_score,1.0695295819457582
voc2007,resnet18,0.697573409884822,20,etran_energy_score,0.9231401414320045
voc2007,resnet34,0.6990481782760549,20,etran_energy_score,1.162660440321861
voc2007,resnet50,0.7355698649926987,20,etran_energy_score,1.247099181738688
voc2007,vit_small_patch16_224,0.7748736563739616,20,etran_energy_score,2.0
voc2007,densenet121,0.7190852360255634,20,ncti_score,1.1124813554930681
voc2007,densenet161,0.7381331746045532,20,ncti_score,1.0703604325645248
voc2007,densenet169,0.7216894628269575,20,ncti_score,1.0585983331587896
voc2007,efficientnet_b0,0.6898784754014405,20,ncti_score,0.7888539896366981
voc2007,mobilenetv2_050,0.522078414571012,20,ncti_score,-1.0
voc2007,mobilenetv2_100,0.6975218642639768,20,ncti_score,0.4592553768003903
voc2007,resnet18,0.697573409884822,20,ncti_score,0.47487361329761585
voc2007,resnet34,0.6990481782760549,20,ncti_score,0.9628070694209522
voc2007,resnet50,0.7355698649926987,20,ncti_score,1.6780834133663725
voc2007,vit_small_patch16_224,0.7748736563739616,20,ncti_score,1.887610637652792
voc2007,densenet121,0.7190852360255634,20,tmi_score,129.11450007584827
voc2007,densenet161,0.7381331746045532,20,tmi_score,231.36537833092348
voc2007,densenet169,0.7216894628269575,20,tmi_score,180.4296444544983
voc2007,efficientnet_b0,0.6898784754014405,20,tmi_score,90.31083592073853
voc2007,mobilenetv2_050,0.522078414571012,20,tmi_score,44.5659558786715
voc2007,mobilenetv2_100,0.6975218642639768,20,tmi_score,92.9583371922408
voc2007,resnet18,0.697573409884822,20,tmi_score,48.86104623085136
voc2007,resnet34,0.6990481782760549,20,tmi_score,60.33728552352877
voc2007,resnet50,0.7355698649926987,20,tmi_score,95.00779162595288
voc2007,vit_small_patch16_224,0.7748736563739616,20,tmi_score,51.78045994464461
brain_tumor_kaggle,densenet121,0.6112149571932181,4,imagenet,74.434
brain_tumor_kaggle,densenet161,0.64181593083767,4,imagenet,77.138
brain_tumor_kaggle,densenet169,0.5891470818644732,4,imagenet,75.6
brain_tumor_kaggle,efficientnet_b0,0.5832288344244866,4,imagenet,77.692
brain_tumor_kaggle,mobilenetv2_050,0.4745212914778133,4,imagenet,65.95
brain_tumor_kaggle,mobilenetv2_100,0.5641779978736501,4,imagenet,72.976
brain_tumor_kaggle,resnet18,0.550082396060657,4,imagenet,69.758
brain_tumor_kaggle,resnet34,0.5314245145766885,4,imagenet,73.314
brain_tumor_kaggle,resnet50,0.5069254658385094,4,imagenet,76.13
brain_tumor_kaggle,vit_small_patch16_224,0.6437682558334732,4,imagenet,78.846
brain_tumor_kaggle,densenet121,0.6112149571932181,4,hscore_score,2.608583113170118
brain_tumor_kaggle,densenet161,0.64181593083767,4,hscore_score,2.698641159009121
brain_tumor_kaggle,densenet169,0.5891470818644732,4,hscore_score,2.858483093602844
brain_tumor_kaggle,efficientnet_b0,0.5832288344244866,4,hscore_score,2.7357149403563543
brain_tumor_kaggle,mobilenetv2_050,0.4745212914778133,4,hscore_score,2.710304442115179
brain_tumor_kaggle,mobilenetv2_100,0.5641779978736501,4,hscore_score,2.691259351830197
brain_tumor_kaggle,resnet18,0.550082396060657,4,hscore_score,2.282308538310221
brain_tumor_kaggle,resnet34,0.5314245145766885,4,hscore_score,2.260871506119636
brain_tumor_kaggle,resnet50,0.5069254658385094,4,hscore_score,2.9138897337481033
brain_tumor_kaggle,vit_small_patch16_224,0.6437682558334732,4,hscore_score,6.142746016383171
brain_tumor_kaggle,densenet121,0.6112149571932181,4,nce_score,-1.080376604578164
brain_tumor_kaggle,densenet161,0.64181593083767,4,nce_score,-1.1098208095708288
brain_tumor_kaggle,densenet169,0.5891470818644732,4,nce_score,-1.152572262695036
brain_tumor_kaggle,efficientnet_b0,0.5832288344244866,4,nce_score,-1.1764405675896157
brain_tumor_kaggle,mobilenetv2_050,0.4745212914778133,4,nce_score,-1.0530415451914927
brain_tumor_kaggle,mobilenetv2_100,0.5641779978736501,4,nce_score,-1.0942795145420934
brain_tumor_kaggle,resnet18,0.550082396060657,4,nce_score,-1.0975800755241674
brain_tumor_kaggle,resnet34,0.5314245145766885,4,nce_score,-1.06608404642675
brain_tumor_kaggle,resnet50,0.5069254658385094,4,nce_score,-1.0806504996141282
brain_tumor_kaggle,vit_small_patch16_224,0.6437682558334732,4,nce_score,-1.2363752960023036
brain_tumor_kaggle,densenet121,0.6112149571932181,4,leep_score,-1.189948200185926
brain_tumor_kaggle,densenet161,0.64181593083767,4,leep_score,-1.1467687125448258
brain_tumor_kaggle,densenet169,0.5891470818644732,4,leep_score,-1.1616475476176238
brain_tumor_kaggle,efficientnet_b0,0.5832288344244866,4,leep_score,-1.2200848792737262
brain_tumor_kaggle,mobilenetv2_050,0.4745212914778133,4,leep_score,-1.1929856527185
brain_tumor_kaggle,mobilenetv2_100,0.5641779978736501,4,leep_score,-1.2097467083785869
brain_tumor_kaggle,resnet18,0.550082396060657,4,leep_score,-1.1774832584889268
brain_tumor_kaggle,resnet34,0.5314245145766885,4,leep_score,-1.1988035120719869
brain_tumor_kaggle,resnet50,0.5069254658385094,4,leep_score,-1.1463768000810364
brain_tumor_kaggle,vit_small_patch16_224,0.6437682558334732,4,leep_score,-1.2568565165149348
brain_tumor_kaggle,densenet121,0.6112149571932181,4,nleep_score,-0.7727522165726868
brain_tumor_kaggle,densenet161,0.64181593083767,4,nleep_score,-0.6551142299453985
brain_tumor_kaggle,densenet169,0.5891470818644732,4,nleep_score,-0.7241343213170097
brain_tumor_kaggle,efficientnet_b0,0.5832288344244866,4,nleep_score,-0.767158463404778
brain_tumor_kaggle,mobilenetv2_050,0.4745212914778133,4,nleep_score,-0.697158174645888
brain_tumor_kaggle,mobilenetv2_100,0.5641779978736501,4,nleep_score,-0.6446744045499827
brain_tumor_kaggle,resnet18,0.550082396060657,4,nleep_score,-0.7210323183609048
brain_tumor_kaggle,resnet34,0.5314245145766885,4,nleep_score,-0.7884724411251033
brain_tumor_kaggle,resnet50,0.5069254658385094,4,nleep_score,-0.7554479990506189
brain_tumor_kaggle,vit_small_patch16_224,0.6437682558334732,4,nleep_score,-0.6774339777325084
brain_tumor_kaggle,densenet121,0.6112149571932181,4,parc_score,13.654157297182593
brain_tumor_kaggle,densenet161,0.64181593083767,4,parc_score,11.60138787713413
brain_tumor_kaggle,densenet169,0.5891470818644732,4,parc_score,13.27857957325724
brain_tumor_kaggle,efficientnet_b0,0.5832288344244866,4,parc_score,13.864203357855562
brain_tumor_kaggle,mobilenetv2_050,0.4745212914778133,4,parc_score,13.753359125870034
brain_tumor_kaggle,mobilenetv2_100,0.5641779978736501,4,parc_score,14.67491283868824
brain_tumor_kaggle,resnet18,0.550082396060657,4,parc_score,13.570812788425304
brain_tumor_kaggle,resnet34,0.5314245145766885,4,parc_score,11.415486609956451
brain_tumor_kaggle,resnet50,0.5069254658385094,4,parc_score,12.916097458166403
brain_tumor_kaggle,vit_small_patch16_224,0.6437682558334732,4,parc_score,14.815241980673076
brain_tumor_kaggle,densenet121,0.6112149571932181,4,reg_hscore_score,2.4621453271835554
brain_tumor_kaggle,densenet161,0.64181593083767,4,reg_hscore_score,2.5216595547493026
brain_tumor_kaggle,densenet169,0.5891470818644732,4,reg_hscore_score,2.4595202794785576
brain_tumor_kaggle,efficientnet_b0,0.5832288344244866,4,reg_hscore_score,2.629339958850726
brain_tumor_kaggle,mobilenetv2_050,0.4745212914778133,4,reg_hscore_score,2.5799275595056184
brain_tumor_kaggle,mobilenetv2_100,0.5641779978736501,4,reg_hscore_score,2.5528017468492914
brain_tumor_kaggle,resnet18,0.550082396060657,4,reg_hscore_score,2.219811575646305
brain_tumor_kaggle,resnet34,0.5314245145766885,4,reg_hscore_score,2.2069806331340622
brain_tumor_kaggle,resnet50,0.5069254658385094,4,reg_hscore_score,2.665818256262988
brain_tumor_kaggle,vit_small_patch16_224,0.6437682558334732,4,reg_hscore_score,2.2715983946740677
brain_tumor_kaggle,densenet121,0.6112149571932181,4,sfda_score,0.9281592647238128
brain_tumor_kaggle,densenet161,0.64181593083767,4,sfda_score,0.9311523117856784
brain_tumor_kaggle,densenet169,0.5891470818644732,4,sfda_score,0.9915942543719424
brain_tumor_kaggle,efficientnet_b0,0.5832288344244866,4,sfda_score,0.968502106965879
brain_tumor_kaggle,mobilenetv2_050,0.4745212914778133,4,sfda_score,0.788923015012607
brain_tumor_kaggle,mobilenetv2_100,0.5641779978736501,4,sfda_score,0.9571309764415544
brain_tumor_kaggle,resnet18,0.550082396060657,4,sfda_score,0.8001920930988481
brain_tumor_kaggle,resnet34,0.5314245145766885,4,sfda_score,0.7929619134967596
brain_tumor_kaggle,resnet50,0.5069254658385094,4,sfda_score,0.9990657418991048
brain_tumor_kaggle,vit_small_patch16_224,0.6437682558334732,4,sfda_score,0.8075827874665286
brain_tumor_kaggle,densenet121,0.6112149571932181,4,logme_score,-0.04758732474976574
brain_tumor_kaggle,densenet161,0.64181593083767,4,logme_score,-0.01219935386339848
brain_tumor_kaggle,densenet169,0.5891470818644732,4,logme_score,-0.02325662474244155
brain_tumor_kaggle,efficientnet_b0,0.5832288344244866,4,logme_score,0.02256872794926376
brain_tumor_kaggle,mobilenetv2_050,0.4745212914778133,4,logme_score,-0.0026595303904784102
brain_tumor_kaggle,mobilenetv2_100,0.5641779978736501,4,logme_score,-0.010716639665617478
brain_tumor_kaggle,resnet18,0.550082396060657,4,logme_score,-0.09615833820125395
brain_tumor_kaggle,resnet34,0.5314245145766885,4,logme_score,-0.11173651154032135
brain_tumor_kaggle,resnet50,0.5069254658385094,4,logme_score,-0.052099641310468486
brain_tumor_kaggle,vit_small_patch16_224,0.6437682558334732,4,logme_score,-0.030894637331503168
brain_tumor_kaggle,densenet121,0.6112149571932181,4,gbc_score,-1.6815170007568343
brain_tumor_kaggle,densenet161,0.64181593083767,4,gbc_score,-1.5255288829766729
brain_tumor_kaggle,densenet169,0.5891470818644732,4,gbc_score,-1.5197574626576331
brain_tumor_kaggle,efficientnet_b0,0.5832288344244866,4,gbc_score,-1.725194565955556
brain_tumor_kaggle,mobilenetv2_050,0.4745212914778133,4,gbc_score,-1.633710171223644
brain_tumor_kaggle,mobilenetv2_100,0.5641779978736501,4,gbc_score,-1.1895356420705483
brain_tumor_kaggle,resnet18,0.550082396060657,4,gbc_score,-1.6099084494022442
brain_tumor_kaggle,resnet34,0.5314245145766885,4,gbc_score,-2.123867936100851
brain_tumor_kaggle,resnet50,0.5069254658385094,4,gbc_score,-1.6656458184785832
brain_tumor_kaggle,vit_small_patch16_224,0.6437682558334732,4,gbc_score,-1.311688386336413
brain_tumor_kaggle,densenet121,0.6112149571932181,4,pactran_score,-0.11670585147725886
brain_tumor_kaggle,densenet161,0.64181593083767,4,pactran_score,-0.10411146081842802
brain_tumor_kaggle,densenet169,0.5891470818644732,4,pactran_score,-0.10981463319006628
brain_tumor_kaggle,efficientnet_b0,0.5832288344244866,4,pactran_score,-0.12661976832550126
brain_tumor_kaggle,mobilenetv2_050,0.4745212914778133,4,pactran_score,-0.5400051605959939
brain_tumor_kaggle,mobilenetv2_100,0.5641779978736501,4,pactran_score,-0.1335112701439733
brain_tumor_kaggle,resnet18,0.550082396060657,4,pactran_score,-0.1721065652142308
brain_tumor_kaggle,resnet34,0.5314245145766885,4,pactran_score,-0.15655530419566
brain_tumor_kaggle,resnet50,0.5069254658385094,4,pactran_score,-0.251253262799611
brain_tumor_kaggle,vit_small_patch16_224,0.6437682558334732,4,pactran_score,-0.11891585750750276
brain_tumor_kaggle,densenet121,0.6112149571932181,4,etran_energy_score,1.8822861592965228
brain_tumor_kaggle,densenet161,0.64181593083767,4,etran_energy_score,1.6611655402254986
brain_tumor_kaggle,densenet169,0.5891470818644732,4,etran_energy_score,1.6497953959521237
brain_tumor_kaggle,efficientnet_b0,0.5832288344244866,4,etran_energy_score,0.9322065553592745
brain_tumor_kaggle,mobilenetv2_050,0.4745212914778133,4,etran_energy_score,0.0
brain_tumor_kaggle,mobilenetv2_100,0.5641779978736501,4,etran_energy_score,1.1153276619428116
brain_tumor_kaggle,resnet18,0.550082396060657,4,etran_energy_score,1.0307295752220054
brain_tumor_kaggle,resnet34,0.5314245145766885,4,etran_energy_score,1.4067185958028692
brain_tumor_kaggle,resnet50,0.5069254658385094,4,etran_energy_score,0.8139430265811882
brain_tumor_kaggle,vit_small_patch16_224,0.6437682558334732,4,etran_energy_score,1.6583809062987205
brain_tumor_kaggle,densenet121,0.6112149571932181,4,ncti_score,0.2545775578625685
brain_tumor_kaggle,densenet161,0.64181593083767,4,ncti_score,1.5750687814336186
brain_tumor_kaggle,densenet169,0.5891470818644732,4,ncti_score,0.898047071762186
brain_tumor_kaggle,efficientnet_b0,0.5832288344244866,4,ncti_score,1.5476566001888534
brain_tumor_kaggle,mobilenetv2_050,0.4745212914778133,4,ncti_score,-0.3617060850256328
brain_tumor_kaggle,mobilenetv2_100,0.5641779978736501,4,ncti_score,1.363772113527669
brain_tumor_kaggle,resnet18,0.550082396060657,4,ncti_score,-0.7698125691619119
brain_tumor_kaggle,resnet34,0.5314245145766885,4,ncti_score,-0.5764349835161803
brain_tumor_kaggle,resnet50,0.5069254658385094,4,ncti_score,-0.013055977215179926
brain_tumor_kaggle,vit_small_patch16_224,0.6437682558334732,4,ncti_score,1.266452039237996
brain_tumor_kaggle,densenet121,0.6112149571932181,4,tmi_score,527.5722532600123
brain_tumor_kaggle,densenet161,0.64181593083767,4,tmi_score,976.1053791347877
brain_tumor_kaggle,densenet169,0.5891470818644732,4,tmi_score,769.8405375317775
brain_tumor_kaggle,efficientnet_b0,0.5832288344244866,4,tmi_score,348.95406472153184
brain_tumor_kaggle,mobilenetv2_050,0.4745212914778133,4,tmi_score,223.18910986740136
brain_tumor_kaggle,mobilenetv2_100,0.5641779978736501,4,tmi_score,362.8367877570354
brain_tumor_kaggle,resnet18,0.550082396060657,4,tmi_score,182.7555628337985
brain_tumor_kaggle,resnet34,0.5314245145766885,4,tmi_score,251.4160020979013
brain_tumor_kaggle,resnet50,0.5069254658385094,4,tmi_score,358.0516351728023
brain_tumor_kaggle,vit_small_patch16_224,0.6437682558334732,4,tmi_score,190.6890954395654
breakhis,densenet121,0.8690630907907783,2,imagenet,74.434
breakhis,densenet161,0.8961177965441176,2,imagenet,77.138
breakhis,densenet169,0.8818536261752374,2,imagenet,75.6
breakhis,efficientnet_b0,0.8614864681156504,2,imagenet,77.692
breakhis,mobilenetv2_050,0.8153741999684609,2,imagenet,65.95
breakhis,mobilenetv2_100,0.8546348811032143,2,imagenet,72.976
breakhis,resnet18,0.847352804166055,2,imagenet,69.758
breakhis,resnet34,0.8012740689182649,2,imagenet,73.314
breakhis,resnet50,0.8093609354410121,2,imagenet,76.13
breakhis,vit_small_patch16_224,0.8602792837372688,2,imagenet,78.846
breakhis,densenet121,0.8690630907907783,2,hscore_score,0.7473514194652229
breakhis,densenet161,0.8961177965441176,2,hscore_score,0.7895651242280504
breakhis,densenet169,0.8818536261752374,2,hscore_score,0.8451748999026734
breakhis,efficientnet_b0,0.8614864681156504,2,hscore_score,0.763559753452008
breakhis,mobilenetv2_050,0.8153741999684609,2,hscore_score,0.7354248631223235
breakhis,mobilenetv2_100,0.8546348811032143,2,hscore_score,0.7492072545670422
breakhis,resnet18,0.847352804166055,2,hscore_score,0.6430790418957609
breakhis,resnet34,0.8012740689182649,2,hscore_score,0.6463096586414274
breakhis,resnet50,0.8093609354410121,2,hscore_score,0.8086846929420651
breakhis,vit_small_patch16_224,0.8602792837372688,2,hscore_score,11.849686555564404
breakhis,densenet121,0.8690630907907783,2,nce_score,-0.5467949759862009
breakhis,densenet161,0.8961177965441176,2,nce_score,-0.5272239577518403
breakhis,densenet169,0.8818536261752374,2,nce_score,-0.5370888718447684
breakhis,efficientnet_b0,0.8614864681156504,2,nce_score,-0.5604601277326717
breakhis,mobilenetv2_050,0.8153741999684609,2,nce_score,-0.5476065403813432
breakhis,mobilenetv2_100,0.8546348811032143,2,nce_score,-0.535250170957249
breakhis,resnet18,0.847352804166055,2,nce_score,-0.526831922123848
breakhis,resnet34,0.8012740689182649,2,nce_score,-0.5462350616810367
breakhis,resnet50,0.8093609354410121,2,nce_score,-0.5423730411203085
breakhis,vit_small_patch16_224,0.8602792837372688,2,nce_score,-0.6153769663567464
breakhis,densenet121,0.8690630907907783,2,leep_score,-0.5763257947254753
breakhis,densenet161,0.8961177965441176,2,leep_score,-0.5375188743767176
breakhis,densenet169,0.8818536261752374,2,leep_score,-0.5501578693346668
breakhis,efficientnet_b0,0.8614864681156504,2,leep_score,-0.5879353921098269
breakhis,mobilenetv2_050,0.8153741999684609,2,leep_score,-0.5880670350031028
breakhis,mobilenetv2_100,0.8546348811032143,2,leep_score,-0.5812104738862254
breakhis,resnet18,0.847352804166055,2,leep_score,-0.5455347054062278
breakhis,resnet34,0.8012740689182649,2,leep_score,-0.568585355478407
breakhis,resnet50,0.8093609354410121,2,leep_score,-0.5586679775292208
breakhis,vit_small_patch16_224,0.8602792837372688,2,leep_score,-0.614047713686231
breakhis,densenet121,0.8690630907907783,2,nleep_score,-0.5589865359223868
breakhis,densenet161,0.8961177965441176,2,nleep_score,-0.5277815652174237
breakhis,densenet169,0.8818536261752374,2,nleep_score,-0.5110359114087516
breakhis,efficientnet_b0,0.8614864681156504,2,nleep_score,-0.5587503392174604
breakhis,mobilenetv2_050,0.8153741999684609,2,nleep_score,-0.5195678276959617
breakhis,mobilenetv2_100,0.8546348811032143,2,nleep_score,-0.514323222987602
breakhis,resnet18,0.847352804166055,2,nleep_score,-0.4980173071523397
breakhis,resnet34,0.8012740689182649,2,nleep_score,-0.4824222397322763
breakhis,resnet50,0.8093609354410121,2,nleep_score,-0.5278210785120775
breakhis,vit_small_patch16_224,0.8602792837372688,2,nleep_score,-0.5122066540852084
breakhis,densenet121,0.8690630907907783,2,parc_score,6.953764137728455
breakhis,densenet161,0.8961177965441176,2,parc_score,7.425393538285732
breakhis,densenet169,0.8818536261752374,2,parc_score,6.943015471035061
breakhis,efficientnet_b0,0.8614864681156504,2,parc_score,6.708424160358341
breakhis,mobilenetv2_050,0.8153741999684609,2,parc_score,6.004865486289538
breakhis,mobilenetv2_100,0.8546348811032143,2,parc_score,6.1317082170946104
breakhis,resnet18,0.847352804166055,2,parc_score,7.40317118897265
breakhis,resnet34,0.8012740689182649,2,parc_score,7.077783711161992
breakhis,resnet50,0.8093609354410121,2,parc_score,5.814245339563421
breakhis,vit_small_patch16_224,0.8602792837372688,2,parc_score,6.629506613957243
breakhis,densenet121,0.8690630907907783,2,reg_hscore_score,0.7239452608711252
breakhis,densenet161,0.8961177965441176,2,reg_hscore_score,0.7406123416406936
breakhis,densenet169,0.8818536261752374,2,reg_hscore_score,0.7228418063986375
breakhis,efficientnet_b0,0.8614864681156504,2,reg_hscore_score,0.7468046389772488
breakhis,mobilenetv2_050,0.8153741999684609,2,reg_hscore_score,0.7121581282365503
breakhis,mobilenetv2_100,0.8546348811032143,2,reg_hscore_score,0.728882853778201
breakhis,resnet18,0.847352804166055,2,reg_hscore_score,0.6364634271629798
breakhis,resnet34,0.8012740689182649,2,reg_hscore_score,0.6388558999958531
breakhis,resnet50,0.8093609354410121,2,reg_hscore_score,0.7736748915709416
breakhis,vit_small_patch16_224,0.8602792837372688,2,reg_hscore_score,0.6699323342576845
breakhis,densenet121,0.8690630907907783,2,sfda_score,0.8217923607950004
breakhis,densenet161,0.8961177965441176,2,sfda_score,0.8392871982913592
breakhis,densenet169,0.8818536261752374,2,sfda_score,0.9092228707362288
breakhis,efficientnet_b0,0.8614864681156504,2,sfda_score,0.834162772649747
breakhis,mobilenetv2_050,0.8153741999684609,2,sfda_score,0.7691019676319497
breakhis,mobilenetv2_100,0.8546348811032143,2,sfda_score,0.8220918782049261
breakhis,resnet18,0.847352804166055,2,sfda_score,0.7371686355797953
breakhis,resnet34,0.8012740689182649,2,sfda_score,0.7411945617136537
breakhis,resnet50,0.8093609354410121,2,sfda_score,0.8758106812276721
breakhis,vit_small_patch16_224,0.8602792837372688,2,sfda_score,0.7609948612821236
breakhis,densenet121,0.8690630907907783,2,logme_score,-0.1934016075339519
breakhis,densenet161,0.8961177965441176,2,logme_score,-0.1810473966308803
breakhis,densenet169,0.8818536261752374,2,logme_score,-0.1981701551750301
breakhis,efficientnet_b0,0.8614864681156504,2,logme_score,-0.21883545461279005
breakhis,mobilenetv2_050,0.8153741999684609,2,logme_score,-0.2619867854390802
breakhis,mobilenetv2_100,0.8546348811032143,2,logme_score,-0.22727908199943264
breakhis,resnet18,0.847352804166055,2,logme_score,-0.2625633051870493
breakhis,resnet34,0.8012740689182649,2,logme_score,-0.26209589998010757
breakhis,resnet50,0.8093609354410121,2,logme_score,-0.19904987701891877
breakhis,vit_small_patch16_224,0.8602792837372688,2,logme_score,-0.20279171093568132
breakhis,densenet121,0.8690630907907783,2,gbc_score,-0.871780863795787
breakhis,densenet161,0.8961177965441176,2,gbc_score,-0.6542219309233089
breakhis,densenet169,0.8818536261752374,2,gbc_score,-0.5564590098474109
breakhis,efficientnet_b0,0.8614864681156504,2,gbc_score,-1.0347302004519403
breakhis,mobilenetv2_050,0.8153741999684609,2,gbc_score,-0.7418826865339999
breakhis,mobilenetv2_100,0.8546348811032143,2,gbc_score,-0.779733093623074
breakhis,resnet18,0.847352804166055,2,gbc_score,-0.5359415002402992
breakhis,resnet34,0.8012740689182649,2,gbc_score,-0.6162984786151906
breakhis,resnet50,0.8093609354410121,2,gbc_score,-0.7395753935978946
breakhis,vit_small_patch16_224,0.8602792837372688,2,gbc_score,-0.7777409416260682
breakhis,densenet121,0.8690630907907783,2,pactran_score,-0.11564517043989105
breakhis,densenet161,0.8961177965441176,2,pactran_score,-0.10941672984303535
breakhis,densenet169,0.8818536261752374,2,pactran_score,-0.11970825596939476
breakhis,efficientnet_b0,0.8614864681156504,2,pactran_score,-0.10219379657374184
breakhis,mobilenetv2_050,0.8153741999684609,2,pactran_score,-0.3313038700388825
breakhis,mobilenetv2_100,0.8546348811032143,2,pactran_score,-0.1229258786118632
breakhis,resnet18,0.847352804166055,2,pactran_score,-0.20050439606348264
breakhis,resnet34,0.8012740689182649,2,pactran_score,-0.19865026076801415
breakhis,resnet50,0.8093609354410121,2,pactran_score,-0.17067144919061028
breakhis,vit_small_patch16_224,0.8602792837372688,2,pactran_score,-0.17694037237048896
breakhis,densenet121,0.8690630907907783,2,etran_energy_score,1.616662378486736
breakhis,densenet161,0.8961177965441176,2,etran_energy_score,1.5958749782169668
breakhis,densenet169,0.8818536261752374,2,etran_energy_score,1.4287109843026837
breakhis,efficientnet_b0,0.8614864681156504,2,etran_energy_score,1.2385435791678951
breakhis,mobilenetv2_050,0.8153741999684609,2,etran_energy_score,0.2521910259703462
breakhis,mobilenetv2_100,0.8546348811032143,2,etran_energy_score,1.3230298998368835
breakhis,resnet18,0.847352804166055,2,etran_energy_score,0.9342014611250998
breakhis,resnet34,0.8012740689182649,2,etran_energy_score,1.6702736400220135
breakhis,resnet50,0.8093609354410121,2,etran_energy_score,1.030965613640117
breakhis,vit_small_patch16_224,0.8602792837372688,2,etran_energy_score,1.955475550160737
breakhis,densenet121,0.8690630907907783,2,ncti_score,1.0177008371596932
breakhis,densenet161,0.8961177965441176,2,ncti_score,1.1239723293024317
breakhis,densenet169,0.8818536261752374,2,ncti_score,1.0960485640322195
breakhis,efficientnet_b0,0.8614864681156504,2,ncti_score,0.79893652873786
breakhis,mobilenetv2_050,0.8153741999684609,2,ncti_score,0.0
breakhis,mobilenetv2_100,0.8546348811032143,2,ncti_score,0.6420745432923665
breakhis,resnet18,0.847352804166055,2,ncti_score,0.6573185653947341
breakhis,resnet34,0.8012740689182649,2,ncti_score,0.5292469018112476
breakhis,resnet50,0.8093609354410121,2,ncti_score,1.0693368634682994
breakhis,vit_small_patch16_224,0.8602792837372688,2,ncti_score,0.7969458211343303
breakhis,densenet121,0.8690630907907783,2,tmi_score,1069.1321392065704
breakhis,densenet161,0.8961177965441176,2,tmi_score,2057.159452603623
breakhis,densenet169,0.8818536261752374,2,tmi_score,1553.7406100624694
breakhis,efficientnet_b0,0.8614864681156504,2,tmi_score,789.3324001569918
breakhis,mobilenetv2_050,0.8153741999684609,2,tmi_score,447.1368102967897
breakhis,mobilenetv2_100,0.8546348811032143,2,tmi_score,850.9305552531862
breakhis,resnet18,0.847352804166055,2,tmi_score,329.82725904949183
breakhis,resnet34,0.8012740689182649,2,tmi_score,500.6947763062759
breakhis,resnet50,0.8093609354410121,2,tmi_score,722.1316924581448
breakhis,vit_small_patch16_224,0.8602792837372688,2,tmi_score,378.7119230964711
skin_splits,densenet121,0.7649300912208326,2,imagenet,74.434
skin_splits,densenet161,0.7295029906798005,2,imagenet,77.138
skin_splits,densenet169,0.7552056474756215,2,imagenet,75.6
skin_splits,efficientnet_b0,0.7067378428064901,2,imagenet,77.692
skin_splits,mobilenetv2_050,0.6674347309262221,2,imagenet,65.95
skin_splits,mobilenetv2_100,0.7223598838107059,2,imagenet,72.976
skin_splits,resnet18,0.7241374663858079,2,imagenet,69.758
skin_splits,resnet34,0.699288457112224,2,imagenet,73.314
skin_splits,resnet50,0.739504214338365,2,imagenet,76.13
skin_splits,vit_small_patch16_224,0.784876090003001,2,imagenet,78.846
skin_splits,densenet121,0.7649300912208326,2,hscore_score,0.381623071318564
skin_splits,densenet161,0.7295029906798005,2,hscore_score,0.42097432085538394
skin_splits,densenet169,0.7552056474756215,2,hscore_score,0.46525653254023824
skin_splits,efficientnet_b0,0.7067378428064901,2,hscore_score,0.4122511561490528
skin_splits,mobilenetv2_050,0.6674347309262221,2,hscore_score,0.39809652364854464
skin_splits,mobilenetv2_100,0.7223598838107059,2,hscore_score,0.3961466565888855
skin_splits,resnet18,0.7241374663858079,2,hscore_score,0.33100791262625145
skin_splits,resnet34,0.699288457112224,2,hscore_score,0.3090502454569668
skin_splits,resnet50,0.739504214338365,2,hscore_score,0.4434629886175255
skin_splits,vit_small_patch16_224,0.784876090003001,2,hscore_score,45.45943372696638
skin_splits,densenet121,0.7649300912208326,2,nce_score,-0.4793439406764729
skin_splits,densenet161,0.7295029906798005,2,nce_score,-0.4778189213074763
skin_splits,densenet169,0.7552056474756215,2,nce_score,-0.4728788517120355
skin_splits,efficientnet_b0,0.7067378428064901,2,nce_score,-0.4678638962629847
skin_splits,mobilenetv2_050,0.6674347309262221,2,nce_score,-0.4709790852359039
skin_splits,mobilenetv2_100,0.7223598838107059,2,nce_score,-0.4704337262494871
skin_splits,resnet18,0.7241374663858079,2,nce_score,-0.4614454242185753
skin_splits,resnet34,0.699288457112224,2,nce_score,-0.4732734344405678
skin_splits,resnet50,0.739504214338365,2,nce_score,-0.4789999792748998
skin_splits,vit_small_patch16_224,0.784876090003001,2,nce_score,-0.4900824072693312
skin_splits,densenet121,0.7649300912208326,2,leep_score,-0.4876036527287808
skin_splits,densenet161,0.7295029906798005,2,leep_score,-0.4771665592394176
skin_splits,densenet169,0.7552056474756215,2,leep_score,-0.4765820435322219
skin_splits,efficientnet_b0,0.7067378428064901,2,leep_score,-0.4816206415555304
skin_splits,mobilenetv2_050,0.6674347309262221,2,leep_score,-0.48952412400486545
skin_splits,mobilenetv2_100,0.7223598838107059,2,leep_score,-0.48460439612028344
skin_splits,resnet18,0.7241374663858079,2,leep_score,-0.4727450670139831
skin_splits,resnet34,0.699288457112224,2,leep_score,-0.4828672930747856
skin_splits,resnet50,0.739504214338365,2,leep_score,-0.48197965410200894
skin_splits,vit_small_patch16_224,0.784876090003001,2,leep_score,-0.4901321113293308
skin_splits,densenet121,0.7649300912208326,2,nleep_score,-0.46879523801964373
skin_splits,densenet161,0.7295029906798005,2,nleep_score,-0.4721170004001001
skin_splits,densenet169,0.7552056474756215,2,nleep_score,-0.4774644671223458
skin_splits,efficientnet_b0,0.7067378428064901,2,nleep_score,-0.46386673702301423
skin_splits,mobilenetv2_050,0.6674347309262221,2,nleep_score,-0.4672702480969304
skin_splits,mobilenetv2_100,0.7223598838107059,2,nleep_score,-0.4640516149866875
skin_splits,resnet18,0.7241374663858079,2,nleep_score,-0.4678784736431735
skin_splits,resnet34,0.699288457112224,2,nleep_score,-0.46910474998201496
skin_splits,resnet50,0.739504214338365,2,nleep_score,-0.47497129019921475
skin_splits,vit_small_patch16_224,0.784876090003001,2,nleep_score,-0.46808357563520264
skin_splits,densenet121,0.7649300912208326,2,parc_score,2.2519690499309664
skin_splits,densenet161,0.7295029906798005,2,parc_score,2.5542937109894837
skin_splits,densenet169,0.7552056474756215,2,parc_score,2.508386256690433
skin_splits,efficientnet_b0,0.7067378428064901,2,parc_score,2.493340642192895
skin_splits,mobilenetv2_050,0.6674347309262221,2,parc_score,2.825946475898412
skin_splits,mobilenetv2_100,0.7223598838107059,2,parc_score,2.814188714459364
skin_splits,resnet18,0.7241374663858079,2,parc_score,3.176166425194353
skin_splits,resnet34,0.699288457112224,2,parc_score,2.512170633548638
skin_splits,resnet50,0.739504214338365,2,parc_score,2.8841149565587085
skin_splits,vit_small_patch16_224,0.784876090003001,2,parc_score,3.313645935983548
skin_splits,densenet121,0.7649300912208326,2,reg_hscore_score,0.37073279275090104
skin_splits,densenet161,0.7295029906798005,2,reg_hscore_score,0.3840304552545348
skin_splits,densenet169,0.7552056474756215,2,reg_hscore_score,0.3722678140880573
skin_splits,efficientnet_b0,0.7067378428064901,2,reg_hscore_score,0.4088391128335169
skin_splits,mobilenetv2_050,0.6674347309262221,2,reg_hscore_score,0.39199665712981674
skin_splits,mobilenetv2_100,0.7223598838107059,2,reg_hscore_score,0.3909901727317089
skin_splits,resnet18,0.7241374663858079,2,reg_hscore_score,0.3297069083320908
skin_splits,resnet34,0.699288457112224,2,reg_hscore_score,0.3076656204754259
skin_splits,resnet50,0.739504214338365,2,reg_hscore_score,0.4315928156386048
skin_splits,vit_small_patch16_224,0.784876090003001,2,reg_hscore_score,0.36764023737429385
skin_splits,densenet121,0.7649300912208326,2,sfda_score,0.7223318042188328
skin_splits,densenet161,0.7295029906798005,2,sfda_score,0.726992328357096
skin_splits,densenet169,0.7552056474756215,2,sfda_score,0.7423321520367252
skin_splits,efficientnet_b0,0.7067378428064901,2,sfda_score,0.7338596546103008
skin_splits,mobilenetv2_050,0.6674347309262221,2,sfda_score,0.7307166796881504
skin_splits,mobilenetv2_100,0.7223598838107059,2,sfda_score,0.7281714591624384
skin_splits,resnet18,0.7241374663858079,2,sfda_score,0.7124010146992855
skin_splits,resnet34,0.699288457112224,2,sfda_score,0.7086252977284528
skin_splits,resnet50,0.739504214338365,2,sfda_score,0.7406776391409878
skin_splits,vit_small_patch16_224,0.784876090003001,2,sfda_score,0.7193524420441699
skin_splits,densenet121,0.7649300912208326,2,logme_score,-0.36631291374647423
skin_splits,densenet161,0.7295029906798005,2,logme_score,-0.3526427617942166
skin_splits,densenet169,0.7552056474756215,2,logme_score,-0.3605031860204081
skin_splits,efficientnet_b0,0.7067378428064901,2,logme_score,-0.3533128568716992
skin_splits,mobilenetv2_050,0.6674347309262221,2,logme_score,-0.36228551559468736
skin_splits,mobilenetv2_100,0.7223598838107059,2,logme_score,-0.3624943732123488
skin_splits,resnet18,0.7241374663858079,2,logme_score,-0.3684323002120602
skin_splits,resnet34,0.699288457112224,2,logme_score,-0.3889631478646487
skin_splits,resnet50,0.739504214338365,2,logme_score,-0.3622218059230838
skin_splits,vit_small_patch16_224,0.784876090003001,2,logme_score,-0.33254333033174627
skin_splits,densenet121,0.7649300912208326,2,gbc_score,-1.0542676663851405
skin_splits,densenet161,0.7295029906798005,2,gbc_score,-1.1371853579238766
skin_splits,densenet169,0.7552056474756215,2,gbc_score,-1.1864865151640531
skin_splits,efficientnet_b0,0.7067378428064901,2,gbc_score,-1.031458766963858
skin_splits,mobilenetv2_050,0.6674347309262221,2,gbc_score,-1.0338864995236716
skin_splits,mobilenetv2_100,0.7223598838107059,2,gbc_score,-1.0056285417917303
skin_splits,resnet18,0.7241374663858079,2,gbc_score,-0.9707303923400938
skin_splits,resnet34,0.699288457112224,2,gbc_score,-1.0167561379873613
skin_splits,resnet50,0.739504214338365,2,gbc_score,-1.0705470583213388
skin_splits,vit_small_patch16_224,0.784876090003001,2,gbc_score,-1.0041728646104673
skin_splits,densenet121,0.7649300912208326,2,pactran_score,-0.3192057394804809
skin_splits,densenet161,0.7295029906798005,2,pactran_score,-0.30947636389421795
skin_splits,densenet169,0.7552056474756215,2,pactran_score,-0.3205047856826434
skin_splits,efficientnet_b0,0.7067378428064901,2,pactran_score,-0.2954026277458565
skin_splits,mobilenetv2_050,0.6674347309262221,2,pactran_score,-0.362135682876226
skin_splits,mobilenetv2_100,0.7223598838107059,2,pactran_score,-0.30715137371682616
skin_splits,resnet18,0.7241374663858079,2,pactran_score,-0.34671547718316803
skin_splits,resnet34,0.699288457112224,2,pactran_score,-0.36112744756554416
skin_splits,resnet50,0.739504214338365,2,pactran_score,-0.3093480988581446
skin_splits,vit_small_patch16_224,0.784876090003001,2,pactran_score,-0.3229992521783076
skin_splits,densenet121,0.7649300912208326,2,etran_energy_score,1.2141449603341248
skin_splits,densenet161,0.7295029906798005,2,etran_energy_score,1.8681176782199953
skin_splits,densenet169,0.7552056474756215,2,etran_energy_score,1.4381276513458028
skin_splits,efficientnet_b0,0.7067378428064901,2,etran_energy_score,0.8615643507630599
skin_splits,mobilenetv2_050,0.6674347309262221,2,etran_energy_score,0.25273603465769406
skin_splits,mobilenetv2_100,0.7223598838107059,2,etran_energy_score,0.9039548114388316
skin_splits,resnet18,0.7241374663858079,2,etran_energy_score,0.9185005067849206
skin_splits,resnet34,0.699288457112224,2,etran_energy_score,1.2720591845163454
skin_splits,resnet50,0.739504214338365,2,etran_energy_score,1.428716292442127
skin_splits,vit_small_patch16_224,0.784876090003001,2,etran_energy_score,1.8253235153524616
skin_splits,densenet121,0.7649300912208326,2,ncti_score,0.032312737922908806
skin_splits,densenet161,0.7295029906798005,2,ncti_score,0.3346021811414869
skin_splits,densenet169,0.7552056474756215,2,ncti_score,0.2599103766676292
skin_splits,efficientnet_b0,0.7067378428064901,2,ncti_score,0.35811499486534637
skin_splits,mobilenetv2_050,0.6674347309262221,2,ncti_score,0.04855611446398056
skin_splits,mobilenetv2_100,0.7223598838107059,2,ncti_score,0.2359414771461189
skin_splits,resnet18,0.7241374663858079,2,ncti_score,0.2739961286518635
skin_splits,resnet34,0.699288457112224,2,ncti_score,-0.007834096464478121
skin_splits,resnet50,0.739504214338365,2,ncti_score,-0.04629978608082305
skin_splits,vit_small_patch16_224,0.784876090003001,2,ncti_score,0.6979393935810536
skin_splits,densenet121,0.7649300912208326,2,tmi_score,1076.8482851445376
skin_splits,densenet161,0.7295029906798005,2,tmi_score,2087.3784412918726
skin_splits,densenet169,0.7552056474756215,2,tmi_score,1623.92063607297
skin_splits,efficientnet_b0,0.7067378428064901,2,tmi_score,763.3660105654881
skin_splits,mobilenetv2_050,0.6674347309262221,2,tmi_score,447.6966176698842
skin_splits,mobilenetv2_100,0.7223598838107059,2,tmi_score,814.4093212498494
skin_splits,resnet18,0.7241374663858079,2,tmi_score,353.90829079501697
skin_splits,resnet34,0.699288457112224,2,tmi_score,525.6719179237306
skin_splits,resnet50,0.739504214338365,2,tmi_score,727.4624430207466
skin_splits,vit_small_patch16_224,0.784876090003001,2,tmi_score,404.0269386856755
